ID,Symbol,Security,Wikipedia_URL,Cluster,X,Y,Z,hover_text,Cluster_Color
1,MMM,3M,https://en.wikipedia.org/wiki/3M,4,6.6779146,3.5076325,3.142065,<b>3M</b><br>Symbol: MMM<br>Cluster: 4,4
2,AOS,A. O. Smith,https://en.wikipedia.org/wiki/A._O._Smith,11,5.3970575,2.6906955,1.5407354,<b>A. O. Smith</b><br>Symbol: AOS<br>Cluster: 11,11
3,ABT,Abbott Laboratories,https://en.wikipedia.org/wiki/Abbott_Laboratories,9,7.307926,2.0442774,1.5436244,<b>Abbott Laboratories</b><br>Symbol: ABT<br>Cluster: 9,9
4,ABBV,AbbVie,https://en.wikipedia.org/wiki/AbbVie,9,7.709419,2.2045999,1.6184933,<b>AbbVie</b><br>Symbol: ABBV<br>Cluster: 9,9
5,ACN,Accenture,https://en.wikipedia.org/wiki/Accenture,-1,7.602561,2.452991,3.8231795,<b>Accenture</b><br>Symbol: ACN<br>Cluster: -1,-1
6,ADBE,Adobe Inc.,https://en.wikipedia.org/wiki/Adobe_Inc.,20,7.145257,0.7205567,3.8817184,<b>Adobe Inc.</b><br>Symbol: ADBE<br>Cluster: 20,20
7,AMD,Advanced Micro Devices,https://en.wikipedia.org/wiki/AMD,20,6.989187,1.215113,3.72019,<b>Advanced Micro Devices</b><br>Symbol: AMD<br>Cluster: 20,20
8,AES,AES Corporation,https://en.wikipedia.org/wiki/AES_Corporation,12,4.7620325,3.3739173,1.0732737,<b>AES Corporation</b><br>Symbol: AES<br>Cluster: 12,12
9,AFL,Aflac,https://en.wikipedia.org/wiki/Aflac,15,8.483179,3.2856755,4.2077656,<b>Aflac</b><br>Symbol: AFL<br>Cluster: 15,15
10,A,Agilent Technologies,https://en.wikipedia.org/wiki/Agilent_Technologies,-1,6.910462,1.4137232,2.5874026,<b>Agilent Technologies</b><br>Symbol: A<br>Cluster: -1,-1
11,APD,Air Products,https://en.wikipedia.org/wiki/Air_Products,-1,5.5038853,3.4959157,2.0280807,<b>Air Products</b><br>Symbol: APD<br>Cluster: -1,-1
12,ABNB,Airbnb,https://en.wikipedia.org/wiki/Airbnb,6,5.902261,2.5382006,5.5909085,<b>Airbnb</b><br>Symbol: ABNB<br>Cluster: 6,6
13,AKAM,Akamai Technologies,https://en.wikipedia.org/wiki/Akamai_Technologies,21,7.1350884,1.1177235,4.3981133,<b>Akamai Technologies</b><br>Symbol: AKAM<br>Cluster: 21,21
14,ALB,Albemarle Corporation,https://en.wikipedia.org/wiki/Albemarle_Corporation,7,6.2899814,3.622366,2.176212,<b>Albemarle Corporation</b><br>Symbol: ALB<br>Cluster: 7,7
15,ARE,Alexandria Real Estate Equities,https://en.wikipedia.org/wiki/Alexandria_Real_Estate_Equities,6,5.932787,2.112254,6.794417,<b>Alexandria Real Estate Equities</b><br>Symbol: ARE<br>Cluster: 6,6
16,ALGN,Align Technology,https://en.wikipedia.org/wiki/Align_Technology,9,6.822924,1.1279263,2.2356682,<b>Align Technology</b><br>Symbol: ALGN<br>Cluster: 9,9
17,ALLE,Allegion,https://en.wikipedia.org/wiki/Allegion,-1,7.746557,2.715293,3.8398445,<b>Allegion</b><br>Symbol: ALLE<br>Cluster: -1,-1
18,LNT,Alliant Energy,https://en.wikipedia.org/wiki/Alliant_Energy,12,5.0360355,3.4293973,0.9339933,<b>Alliant Energy</b><br>Symbol: LNT<br>Cluster: 12,12
19,ALL,Allstate,https://en.wikipedia.org/wiki/Allstate,15,8.779713,3.3917024,4.354797,<b>Allstate</b><br>Symbol: ALL<br>Cluster: 15,15
20,GOOGL,Alphabet Inc. (Class A),https://en.wikipedia.org/wiki/Alphabet_Inc.,21,6.373342,0.6312263,4.5338902,<b>Alphabet Inc. (Class A)</b><br>Symbol: GOOGL<br>Cluster: 21,21
21,GOOG,Alphabet Inc. (Class C),https://en.wikipedia.org/wiki/Alphabet_Inc.,21,6.358147,0.61687905,4.610112,<b>Alphabet Inc. (Class C)</b><br>Symbol: GOOG<br>Cluster: 21,21
22,MO,Altria,https://en.wikipedia.org/wiki/Altria,7,7.100154,3.316201,2.25957,<b>Altria</b><br>Symbol: MO<br>Cluster: 7,7
23,AMZN,Amazon,https://en.wikipedia.org/wiki/Amazon_(company),21,6.544023,0.9629241,4.825939,<b>Amazon</b><br>Symbol: AMZN<br>Cluster: 21,21
24,AMCR,Amcor,https://en.wikipedia.org/wiki/Amcor,7,6.8289146,3.0871003,2.6585095,<b>Amcor</b><br>Symbol: AMCR<br>Cluster: 7,7
25,AEE,Ameren,https://en.wikipedia.org/wiki/Ameren,12,4.742778,3.522736,0.65819085,<b>Ameren</b><br>Symbol: AEE<br>Cluster: 12,12
26,AEP,American Electric Power,https://en.wikipedia.org/wiki/American_Electric_Power,12,4.8138905,3.3715038,0.953487,<b>American Electric Power</b><br>Symbol: AEP<br>Cluster: 12,12
27,AXP,American Express,https://en.wikipedia.org/wiki/American_Express,13,7.7503467,3.0897183,5.331727,<b>American Express</b><br>Symbol: AXP<br>Cluster: 13,13
28,AIG,American International Group,https://en.wikipedia.org/wiki/American_International_Group,15,8.541913,3.586909,4.2947974,<b>American International Group</b><br>Symbol: AIG<br>Cluster: 15,15
29,AMT,American Tower,https://en.wikipedia.org/wiki/American_Tower,6,5.688553,1.5156878,5.927984,<b>American Tower</b><br>Symbol: AMT<br>Cluster: 6,6
30,AWK,American Water Works,https://en.wikipedia.org/wiki/American_Water_Works,11,5.420173,2.9280968,1.1860229,<b>American Water Works</b><br>Symbol: AWK<br>Cluster: 11,11
31,AMP,Ameriprise Financial,https://en.wikipedia.org/wiki/Ameriprise_Financial,15,8.069287,2.987386,4.705349,<b>Ameriprise Financial</b><br>Symbol: AMP<br>Cluster: 15,15
32,AME,Ametek,https://en.wikipedia.org/wiki/Ametek,-1,6.540851,1.137723,2.8414176,<b>Ametek</b><br>Symbol: AME<br>Cluster: -1,-1
33,AMGN,Amgen,https://en.wikipedia.org/wiki/Amgen,9,8.071273,2.2570477,1.3892465,<b>Amgen</b><br>Symbol: AMGN<br>Cluster: 9,9
34,APH,Amphenol,https://en.wikipedia.org/wiki/Amphenol,-1,7.1393228,1.8773214,2.9947627,<b>Amphenol</b><br>Symbol: APH<br>Cluster: -1,-1
35,ADI,Analog Devices,https://en.wikipedia.org/wiki/Analog_Devices,20,7.1117024,1.2749678,3.442077,<b>Analog Devices</b><br>Symbol: ADI<br>Cluster: 20,20
36,AON,Aon plc,https://en.wikipedia.org/wiki/Aon_(company),15,8.128314,2.8785326,4.276598,<b>Aon plc</b><br>Symbol: AON<br>Cluster: 15,15
37,APA,APA Corporation,https://en.wikipedia.org/wiki/APA_Corporation,12,4.392649,3.558073,1.91987,<b>APA Corporation</b><br>Symbol: APA<br>Cluster: 12,12
38,APO,Apollo Global Management,https://en.wikipedia.org/wiki/Apollo_Global_Management,15,7.91281,2.9256148,4.725405,<b>Apollo Global Management</b><br>Symbol: APO<br>Cluster: 15,15
39,AAPL,Apple Inc.,https://en.wikipedia.org/wiki/Apple_Inc.,21,6.6749444,0.6936338,4.506263,<b>Apple Inc.</b><br>Symbol: AAPL<br>Cluster: 21,21
40,AMAT,Applied Materials,https://en.wikipedia.org/wiki/Applied_Materials,19,6.6490884,1.7884004,3.1553764,<b>Applied Materials</b><br>Symbol: AMAT<br>Cluster: 19,19
41,APP,AppLovin,https://en.wikipedia.org/wiki/AppLovin,21,6.912147,0.8572771,4.164748,<b>AppLovin</b><br>Symbol: APP<br>Cluster: 21,21
42,APTV,Aptiv,https://en.wikipedia.org/wiki/Aptiv,17,6.3861637,1.1181017,3.1314402,<b>Aptiv</b><br>Symbol: APTV<br>Cluster: 17,17
43,ACGL,Arch Capital Group,https://en.wikipedia.org/wiki/Arch_Capital_Group,15,8.309587,3.1916316,4.4688964,<b>Arch Capital Group</b><br>Symbol: ACGL<br>Cluster: 15,15
44,ADM,Archer Daniels Midland,https://en.wikipedia.org/wiki/Archer_Daniels_Midland,2,6.6588283,3.770897,3.6111166,<b>Archer Daniels Midland</b><br>Symbol: ADM<br>Cluster: 2,2
45,ANET,Arista Networks,https://en.wikipedia.org/wiki/Arista_Networks,21,6.8133383,1.1934022,3.9752538,<b>Arista Networks</b><br>Symbol: ANET<br>Cluster: 21,21
46,AJG,Arthur J. Gallagher & Co.,https://en.wikipedia.org/wiki/Arthur_J._Gallagher_%26_Co.,15,8.63297,3.4092956,4.4062095,<b>Arthur J. Gallagher & Co.</b><br>Symbol: AJG<br>Cluster: 15,15
47,AIZ,Assurant,https://en.wikipedia.org/wiki/Assurant,15,8.487084,2.985153,4.410141,<b>Assurant</b><br>Symbol: AIZ<br>Cluster: 15,15
48,T,AT&T,https://en.wikipedia.org/wiki/AT%26T,5,5.665212,1.0533352,5.028085,<b>AT&T</b><br>Symbol: T<br>Cluster: 5,5
49,ATO,Atmos Energy,https://en.wikipedia.org/wiki/Atmos_Energy,12,4.3476353,4.3734035,1.3877397,<b>Atmos Energy</b><br>Symbol: ATO<br>Cluster: 12,12
50,ADSK,Autodesk,https://en.wikipedia.org/wiki/Autodesk,20,7.1495886,0.8779463,3.5988314,<b>Autodesk</b><br>Symbol: ADSK<br>Cluster: 20,20
51,ADP,Automatic Data Processing,https://en.wikipedia.org/wiki/ADP_(company),-1,7.5008526,1.6172549,3.8734398,<b>Automatic Data Processing</b><br>Symbol: ADP<br>Cluster: -1,-1
52,AZO,AutoZone,https://en.wikipedia.org/wiki/AutoZone,0,5.3985267,3.009261,4.0556083,<b>AutoZone</b><br>Symbol: AZO<br>Cluster: 0,0
53,AVB,AvalonBay Communities,https://en.wikipedia.org/wiki/AvalonBay_Communities,6,5.655117,2.0037847,6.4580956,<b>AvalonBay Communities</b><br>Symbol: AVB<br>Cluster: 6,6
54,AVY,Avery Dennison,https://en.wikipedia.org/wiki/Avery_Dennison,-1,7.091195,1.8262311,3.3077295,<b>Avery Dennison</b><br>Symbol: AVY<br>Cluster: -1,-1
55,AXON,Axon Enterprise,https://en.wikipedia.org/wiki/Axon_Enterprise,20,6.484232,0.6284119,3.110403,<b>Axon Enterprise</b><br>Symbol: AXON<br>Cluster: 20,20
56,BKR,Baker Hughes,https://en.wikipedia.org/wiki/Baker_Hughes,-1,4.346158,3.8206635,2.6661305,<b>Baker Hughes</b><br>Symbol: BKR<br>Cluster: -1,-1
57,BALL,Ball Corporation,https://en.wikipedia.org/wiki/Ball_Corporation,1,6.4937315,4.220329,2.6953142,<b>Ball Corporation</b><br>Symbol: BALL<br>Cluster: 1,1
58,BAC,Bank of America,https://en.wikipedia.org/wiki/Bank_of_America,14,8.348138,4.3062897,5.7421904,<b>Bank of America</b><br>Symbol: BAC<br>Cluster: 14,14
59,BAX,Baxter International,https://en.wikipedia.org/wiki/Baxter_International,9,7.4747133,2.138773,1.4151422,<b>Baxter International</b><br>Symbol: BAX<br>Cluster: 9,9
60,BDX,Becton Dickinson,https://en.wikipedia.org/wiki/BD_(company),9,7.402582,1.7638818,1.4764466,<b>Becton Dickinson</b><br>Symbol: BDX<br>Cluster: 9,9
61,BRK.B,Berkshire Hathaway,https://en.wikipedia.org/wiki/Berkshire_Hathaway,-1,7.4644847,3.8930528,4.3650556,<b>Berkshire Hathaway</b><br>Symbol: BRK.B<br>Cluster: -1,-1
62,BBY,Best Buy,https://en.wikipedia.org/wiki/Best_Buy,0,5.593374,3.0699282,3.979297,<b>Best Buy</b><br>Symbol: BBY<br>Cluster: 0,0
63,TECH,Bio-Techne,https://en.wikipedia.org/wiki/Bio-Techne,9,7.434018,1.6840277,1.4219034,<b>Bio-Techne</b><br>Symbol: TECH<br>Cluster: 9,9
64,BIIB,Biogen,https://en.wikipedia.org/wiki/Biogen,9,7.97524,2.2148588,1.3208239,<b>Biogen</b><br>Symbol: BIIB<br>Cluster: 9,9
65,BLK,BlackRock,https://en.wikipedia.org/wiki/BlackRock,16,7.48632,3.4640994,5.5084486,<b>BlackRock</b><br>Symbol: BLK<br>Cluster: 16,16
66,BX,Blackstone Inc.,https://en.wikipedia.org/wiki/Blackstone_Inc.,16,7.3178406,3.7017543,5.4154935,<b>Blackstone Inc.</b><br>Symbol: BX<br>Cluster: 16,16
67,XYZ,"Block, Inc.","https://en.wikipedia.org/wiki/Block,_Inc.",13,6.990042,2.0429995,5.3456817,"<b>Block, Inc.</b><br>Symbol: XYZ<br>Cluster: 13",13
68,BK,BNY Mellon,https://en.wikipedia.org/wiki/BNY,14,8.091269,4.1989613,5.571215,<b>BNY Mellon</b><br>Symbol: BK<br>Cluster: 14,14
69,BA,Boeing,https://en.wikipedia.org/wiki/Boeing,10,4.796317,1.8731426,3.2046635,<b>Boeing</b><br>Symbol: BA<br>Cluster: 10,10
70,BKNG,Booking Holdings,https://en.wikipedia.org/wiki/Booking_Holdings,6,5.7490706,2.676686,5.5979323,<b>Booking Holdings</b><br>Symbol: BKNG<br>Cluster: 6,6
71,BSX,Boston Scientific,https://en.wikipedia.org/wiki/Boston_Scientific,9,7.353947,1.5271167,1.8302691,<b>Boston Scientific</b><br>Symbol: BSX<br>Cluster: 9,9
72,BMY,Bristol Myers Squibb,https://en.wikipedia.org/wiki/Bristol_Myers_Squibb,9,7.698086,2.5182824,1.3843406,<b>Bristol Myers Squibb</b><br>Symbol: BMY<br>Cluster: 9,9
73,AVGO,Broadcom,https://en.wikipedia.org/wiki/Broadcom,21,6.357522,1.0697668,4.343372,<b>Broadcom</b><br>Symbol: AVGO<br>Cluster: 21,21
74,BR,Broadridge Financial Solutions,https://en.wikipedia.org/wiki/Broadridge_Financial_Solutions,16,7.956967,3.0414045,5.349817,<b>Broadridge Financial Solutions</b><br>Symbol: BR<br>Cluster: 16,16
75,BRO,Brown & Brown,https://en.wikipedia.org/wiki/Brown_%26_Brown,16,7.9523954,3.813088,4.659122,<b>Brown & Brown</b><br>Symbol: BRO<br>Cluster: 16,16
76,BF.B,Brown–Forman,https://en.wikipedia.org/wiki/Brown%E2%80%93Forman,1,6.5294394,4.6440783,3.057912,<b>Brown–Forman</b><br>Symbol: BF.B<br>Cluster: 1,1
77,BLDR,Builders FirstSource,https://en.wikipedia.org/wiki/Builders_FirstSource,0,5.389686,3.221478,3.678447,<b>Builders FirstSource</b><br>Symbol: BLDR<br>Cluster: 0,0
78,BG,Bunge Global,https://en.wikipedia.org/wiki/Bunge_Global,14,7.415788,4.2323937,4.8054004,<b>Bunge Global</b><br>Symbol: BG<br>Cluster: 14,14
79,BXP,"BXP, Inc.","https://en.wikipedia.org/wiki/BXP,_Inc.",6,6.2134085,2.4255123,6.6305504,"<b>BXP, Inc.</b><br>Symbol: BXP<br>Cluster: 6",6
80,CHRW,C.H. Robinson,https://en.wikipedia.org/wiki/C.H._Robinson,3,6.3941326,3.3914568,5.5435967,<b>C.H. Robinson</b><br>Symbol: CHRW<br>Cluster: 3,3
81,CDNS,Cadence Design Systems,https://en.wikipedia.org/wiki/Cadence_Design_Systems,20,7.030118,0.9005949,3.3846648,<b>Cadence Design Systems</b><br>Symbol: CDNS<br>Cluster: 20,20
82,CPT,Camden Property Trust,https://en.wikipedia.org/wiki/Camden_Property_Trust,6,5.541232,1.9811724,6.53345,<b>Camden Property Trust</b><br>Symbol: CPT<br>Cluster: 6,6
83,CPB,Campbell's Company (The),https://en.wikipedia.org/wiki/Campbell%27s,2,6.699194,4.3431053,3.0682468,<b>Campbell's Company (The)</b><br>Symbol: CPB<br>Cluster: 2,2
84,COF,Capital One,https://en.wikipedia.org/wiki/Capital_One,14,8.44527,3.725931,5.6499,<b>Capital One</b><br>Symbol: COF<br>Cluster: 14,14
85,CAH,Cardinal Health,https://en.wikipedia.org/wiki/Cardinal_Health,8,7.8138685,3.3095918,2.8209934,<b>Cardinal Health</b><br>Symbol: CAH<br>Cluster: 8,8
86,KMX,CarMax,https://en.wikipedia.org/wiki/CarMax,0,5.768343,3.0269868,4.317187,<b>CarMax</b><br>Symbol: KMX<br>Cluster: 0,0
87,CCL,Carnival,https://en.wikipedia.org/wiki/Carnival_Corporation_%26_plc,6,5.1428366,3.4564514,5.1639566,<b>Carnival</b><br>Symbol: CCL<br>Cluster: 6,6
88,CARR,Carrier Global,https://en.wikipedia.org/wiki/Carrier_Global,-1,5.4663825,2.3715801,2.7163086,<b>Carrier Global</b><br>Symbol: CARR<br>Cluster: -1,-1
89,CAT,Caterpillar Inc.,https://en.wikipedia.org/wiki/Caterpillar_Inc.,10,5.1567163,2.6888824,3.2396417,<b>Caterpillar Inc.</b><br>Symbol: CAT<br>Cluster: 10,10
90,CBOE,Cboe Global Markets,https://en.wikipedia.org/wiki/Cboe_Global_Markets,3,6.784863,3.0024502,5.739166,<b>Cboe Global Markets</b><br>Symbol: CBOE<br>Cluster: 3,3
91,CBRE,CBRE Group,https://en.wikipedia.org/wiki/CBRE_Group,6,6.3715105,2.7557847,6.027976,<b>CBRE Group</b><br>Symbol: CBRE<br>Cluster: 6,6
92,CDW,CDW Corporation,https://en.wikipedia.org/wiki/CDW,-1,6.3784766,1.5817528,4.322905,<b>CDW Corporation</b><br>Symbol: CDW<br>Cluster: -1,-1
93,COR,Cencora,https://en.wikipedia.org/wiki/Cencora,8,7.867735,2.9475636,2.3462646,<b>Cencora</b><br>Symbol: COR<br>Cluster: 8,8
94,CNC,Centene Corporation,https://en.wikipedia.org/wiki/Centene_Corporation,8,8.043299,3.0961707,2.722748,<b>Centene Corporation</b><br>Symbol: CNC<br>Cluster: 8,8
95,CNP,CenterPoint Energy,https://en.wikipedia.org/wiki/CenterPoint_Energy,12,4.333273,4.2998924,0.971639,<b>CenterPoint Energy</b><br>Symbol: CNP<br>Cluster: 12,12
96,CF,CF Industries,https://en.wikipedia.org/wiki/CF_Industries,2,6.72938,3.4030519,3.52987,<b>CF Industries</b><br>Symbol: CF<br>Cluster: 2,2
97,CRL,Charles River Laboratories,https://en.wikipedia.org/wiki/Charles_River_Laboratories,9,7.226719,2.1943655,1.6476973,<b>Charles River Laboratories</b><br>Symbol: CRL<br>Cluster: 9,9
98,SCHW,Charles Schwab Corporation,https://en.wikipedia.org/wiki/Charles_Schwab_Corporation,14,8.08922,4.4651394,5.729108,<b>Charles Schwab Corporation</b><br>Symbol: SCHW<br>Cluster: 14,14
99,CHTR,Charter Communications,https://en.wikipedia.org/wiki/Charter_Communications,5,5.154593,1.6351331,5.1255884,<b>Charter Communications</b><br>Symbol: CHTR<br>Cluster: 5,5
100,CVX,Chevron Corporation,https://en.wikipedia.org/wiki/Chevron_Corporation,12,4.3148317,4.636977,2.0235445,<b>Chevron Corporation</b><br>Symbol: CVX<br>Cluster: 12,12
101,CMG,Chipotle Mexican Grill,https://en.wikipedia.org/wiki/Chipotle_Mexican_Grill,2,6.19519,4.2502875,4.0347543,<b>Chipotle Mexican Grill</b><br>Symbol: CMG<br>Cluster: 2,2
102,CB,Chubb Limited,https://en.wikipedia.org/wiki/Chubb_Limited,16,8.278073,3.6900034,4.8854833,<b>Chubb Limited</b><br>Symbol: CB<br>Cluster: 16,16
103,CHD,Church & Dwight,https://en.wikipedia.org/wiki/Church_%26_Dwight,10,5.6893845,3.4908774,2.807024,<b>Church & Dwight</b><br>Symbol: CHD<br>Cluster: 10,10
104,CI,Cigna,https://en.wikipedia.org/wiki/Cigna,15,8.329162,3.7689378,4.292592,<b>Cigna</b><br>Symbol: CI<br>Cluster: 15,15
105,CINF,Cincinnati Financial,https://en.wikipedia.org/wiki/Cincinnati_Financial,15,8.465534,4.0361505,4.505111,<b>Cincinnati Financial</b><br>Symbol: CINF<br>Cluster: 15,15
106,CTAS,Cintas,https://en.wikipedia.org/wiki/Cintas,15,7.6067533,3.6749363,3.822789,<b>Cintas</b><br>Symbol: CTAS<br>Cluster: 15,15
107,CSCO,Cisco,https://en.wikipedia.org/wiki/Cisco,21,6.6863,1.4679731,4.2447124,<b>Cisco</b><br>Symbol: CSCO<br>Cluster: 21,21
108,C,Citigroup,https://en.wikipedia.org/wiki/Citigroup,14,8.299879,3.9552968,5.092155,<b>Citigroup</b><br>Symbol: C<br>Cluster: 14,14
109,CFG,Citizens Financial Group,https://en.wikipedia.org/wiki/Citizens_Financial_Group,14,8.49625,3.6229749,5.4219728,<b>Citizens Financial Group</b><br>Symbol: CFG<br>Cluster: 14,14
110,CLX,Clorox,https://en.wikipedia.org/wiki/Clorox,7,6.2543063,3.8666868,2.461647,<b>Clorox</b><br>Symbol: CLX<br>Cluster: 7,7
111,CME,CME Group,https://en.wikipedia.org/wiki/CME_Group,3,6.7335243,3.0468237,5.45838,<b>CME Group</b><br>Symbol: CME<br>Cluster: 3,3
112,CMS,CMS Energy,https://en.wikipedia.org/wiki/CMS_Energy,12,4.6778984,4.2271857,1.0421058,<b>CMS Energy</b><br>Symbol: CMS<br>Cluster: 12,12
113,KO,Coca-Cola Company (The),https://en.wikipedia.org/wiki/The_Coca-Cola_Company,1,6.1053205,4.624129,2.840756,<b>Coca-Cola Company (The)</b><br>Symbol: KO<br>Cluster: 1,1
114,CTSH,Cognizant,https://en.wikipedia.org/wiki/Cognizant,-1,7.001974,2.047752,4.018698,<b>Cognizant</b><br>Symbol: CTSH<br>Cluster: -1,-1
115,COIN,Coinbase,https://en.wikipedia.org/wiki/Coinbase,3,6.68398,2.7201319,5.645698,<b>Coinbase</b><br>Symbol: COIN<br>Cluster: 3,3
116,CL,Colgate-Palmolive,https://en.wikipedia.org/wiki/Colgate-Palmolive,7,5.7477593,4.1834493,2.5288246,<b>Colgate-Palmolive</b><br>Symbol: CL<br>Cluster: 7,7
117,CMCSA,Comcast,https://en.wikipedia.org/wiki/Comcast,5,5.1513047,1.4017326,4.9724765,<b>Comcast</b><br>Symbol: CMCSA<br>Cluster: 5,5
118,CAG,Conagra Brands,https://en.wikipedia.org/wiki/Conagra_Brands,2,6.90885,4.320737,3.3862274,<b>Conagra Brands</b><br>Symbol: CAG<br>Cluster: 2,2
119,COP,ConocoPhillips,https://en.wikipedia.org/wiki/ConocoPhillips,12,4.269331,4.3890038,2.2646997,<b>ConocoPhillips</b><br>Symbol: COP<br>Cluster: 12,12
120,ED,Consolidated Edison,https://en.wikipedia.org/wiki/Consolidated_Edison,12,4.6179767,4.034149,0.58295405,<b>Consolidated Edison</b><br>Symbol: ED<br>Cluster: 12,12
121,STZ,Constellation Brands,https://en.wikipedia.org/wiki/Constellation_Brands,1,6.2626157,4.7946787,2.7253487,<b>Constellation Brands</b><br>Symbol: STZ<br>Cluster: 1,1
122,CEG,Constellation Energy,https://en.wikipedia.org/wiki/Constellation_Energy,12,4.754987,4.41277,1.1532432,<b>Constellation Energy</b><br>Symbol: CEG<br>Cluster: 12,12
123,COO,Cooper Companies (The),https://en.wikipedia.org/wiki/The_Cooper_Companies,7,7.19599,2.4280245,2.589865,<b>Cooper Companies (The)</b><br>Symbol: COO<br>Cluster: 7,7
124,CPRT,Copart,https://en.wikipedia.org/wiki/Copart,0,5.709302,2.6845665,3.9536643,<b>Copart</b><br>Symbol: CPRT<br>Cluster: 0,0
125,GLW,Corning Inc.,https://en.wikipedia.org/wiki/Corning_Inc.,7,6.895192,2.9053726,2.6480067,<b>Corning Inc.</b><br>Symbol: GLW<br>Cluster: 7,7
126,CPAY,Corpay,https://en.wikipedia.org/wiki/Corpay,13,7.326662,2.1764328,4.761239,<b>Corpay</b><br>Symbol: CPAY<br>Cluster: 13,13
127,CTVA,Corteva,https://en.wikipedia.org/wiki/Corteva,7,7.096286,2.7755032,2.7481978,<b>Corteva</b><br>Symbol: CTVA<br>Cluster: 7,7
128,CSGP,CoStar Group,https://en.wikipedia.org/wiki/CoStar_Group,6,6.04196,2.2761312,5.5047994,<b>CoStar Group</b><br>Symbol: CSGP<br>Cluster: 6,6
129,COST,Costco,https://en.wikipedia.org/wiki/Costco,0,5.785593,3.4252253,4.112912,<b>Costco</b><br>Symbol: COST<br>Cluster: 0,0
130,CTRA,Coterra,https://en.wikipedia.org/wiki/Coterra,12,4.1296005,4.1695504,1.6655941,<b>Coterra</b><br>Symbol: CTRA<br>Cluster: 12,12
131,CRWD,CrowdStrike,https://en.wikipedia.org/wiki/CrowdStrike,-1,6.668345,1.6030353,4.945281,<b>CrowdStrike</b><br>Symbol: CRWD<br>Cluster: -1,-1
132,CCI,Crown Castle,https://en.wikipedia.org/wiki/Crown_Castle,6,5.965064,1.8041571,5.8395367,<b>Crown Castle</b><br>Symbol: CCI<br>Cluster: 6,6
133,CSX,CSX Corporation,https://en.wikipedia.org/wiki/CSX_Corporation,6,5.6679144,3.5538638,4.8274145,<b>CSX Corporation</b><br>Symbol: CSX<br>Cluster: 6,6
134,CMI,Cummins,https://en.wikipedia.org/wiki/Cummins,10,5.0767,2.5666053,3.175674,<b>Cummins</b><br>Symbol: CMI<br>Cluster: 10,10
135,CVS,CVS Health,https://en.wikipedia.org/wiki/CVS_Health,8,7.805334,3.1462967,2.7978275,<b>CVS Health</b><br>Symbol: CVS<br>Cluster: 8,8
136,DHR,Danaher Corporation,https://en.wikipedia.org/wiki/Danaher_Corporation,9,7.3398347,1.7506229,1.512568,<b>Danaher Corporation</b><br>Symbol: DHR<br>Cluster: 9,9
137,DRI,Darden Restaurants,https://en.wikipedia.org/wiki/Darden_Restaurants,0,5.150812,3.651196,4.229465,<b>Darden Restaurants</b><br>Symbol: DRI<br>Cluster: 0,0
138,DDOG,Datadog,https://en.wikipedia.org/wiki/Datadog,21,7.4309278,1.2874532,3.966184,<b>Datadog</b><br>Symbol: DDOG<br>Cluster: 21,21
139,DVA,DaVita,https://en.wikipedia.org/wiki/DaVita,9,7.780402,2.0365212,2.0568173,<b>DaVita</b><br>Symbol: DVA<br>Cluster: 9,9
140,DAY,Dayforce,https://en.wikipedia.org/wiki/Dayforce,21,7.5813737,1.3252037,4.557384,<b>Dayforce</b><br>Symbol: DAY<br>Cluster: 21,21
141,DECK,Deckers Brands,https://en.wikipedia.org/wiki/Deckers_Brands,0,4.5305147,3.1459048,3.742419,<b>Deckers Brands</b><br>Symbol: DECK<br>Cluster: 0,0
142,DE,Deere & Company,https://en.wikipedia.org/wiki/John_Deere,10,4.951979,2.7350757,3.2877636,<b>Deere & Company</b><br>Symbol: DE<br>Cluster: 10,10
143,DELL,Dell Technologies,https://en.wikipedia.org/wiki/Dell_Technologies,-1,5.7186155,0.8319029,3.8716848,<b>Dell Technologies</b><br>Symbol: DELL<br>Cluster: -1,-1
144,DAL,Delta Air Lines,https://en.wikipedia.org/wiki/Delta_Air_Lines,0,5.419464,4.2385015,4.764234,<b>Delta Air Lines</b><br>Symbol: DAL<br>Cluster: 0,0
145,DVN,Devon Energy,https://en.wikipedia.org/wiki/Devon_Energy,12,4.220021,4.320422,1.8971989,<b>Devon Energy</b><br>Symbol: DVN<br>Cluster: 12,12
146,DXCM,Dexcom,https://en.wikipedia.org/wiki/Dexcom,9,7.30537,1.3609518,2.5804596,<b>Dexcom</b><br>Symbol: DXCM<br>Cluster: 9,9
147,FANG,Diamondback Energy,https://en.wikipedia.org/wiki/Diamondback_Energy,12,4.0194006,4.307753,1.9395725,<b>Diamondback Energy</b><br>Symbol: FANG<br>Cluster: 12,12
148,DLR,Digital Realty,https://en.wikipedia.org/wiki/Digital_Realty,6,5.855148,2.258477,6.6364555,<b>Digital Realty</b><br>Symbol: DLR<br>Cluster: 6,6
149,DG,Dollar General,https://en.wikipedia.org/wiki/Dollar_General,0,4.83739,3.0925438,3.9438384,<b>Dollar General</b><br>Symbol: DG<br>Cluster: 0,0
150,DLTR,Dollar Tree,https://en.wikipedia.org/wiki/Dollar_Tree,0,4.919548,3.268142,4.098637,<b>Dollar Tree</b><br>Symbol: DLTR<br>Cluster: 0,0
151,D,Dominion Energy,https://en.wikipedia.org/wiki/Dominion_Energy,12,4.537562,4.184837,1.7363006,<b>Dominion Energy</b><br>Symbol: D<br>Cluster: 12,12
152,DPZ,Domino's,https://en.wikipedia.org/wiki/Domino%27s,0,5.2917004,4.0315294,4.1293535,<b>Domino's</b><br>Symbol: DPZ<br>Cluster: 0,0
153,DASH,DoorDash,https://en.wikipedia.org/wiki/DoorDash,0,5.5490017,3.9008114,4.3373485,<b>DoorDash</b><br>Symbol: DASH<br>Cluster: 0,0
154,DOV,Dover Corporation,https://en.wikipedia.org/wiki/Dover_Corporation,10,5.1662884,3.4492085,3.174305,<b>Dover Corporation</b><br>Symbol: DOV<br>Cluster: 10,10
155,DOW,Dow Inc.,https://en.wikipedia.org/wiki/Dow_Chemical_Company,10,5.4305096,3.4693975,2.8577392,<b>Dow Inc.</b><br>Symbol: DOW<br>Cluster: 10,10
156,DHI,D. R. Horton,https://en.wikipedia.org/wiki/D._R._Horton,0,5.1032386,2.9736097,4.2497354,<b>D. R. Horton</b><br>Symbol: DHI<br>Cluster: 0,0
157,DTE,DTE Energy,https://en.wikipedia.org/wiki/DTE_Energy,12,4.7147603,4.1014104,1.2543291,<b>DTE Energy</b><br>Symbol: DTE<br>Cluster: 12,12
158,DUK,Duke Energy,https://en.wikipedia.org/wiki/Duke_Energy,12,4.457515,4.232873,1.354017,<b>Duke Energy</b><br>Symbol: DUK<br>Cluster: 12,12
159,DD,DuPont,https://en.wikipedia.org/wiki/DuPont,10,5.817377,3.394652,2.7175074,<b>DuPont</b><br>Symbol: DD<br>Cluster: 10,10
160,EMN,Eastman Chemical Company,https://en.wikipedia.org/wiki/Eastman_Chemical_Company,10,5.994811,3.224975,2.6675768,<b>Eastman Chemical Company</b><br>Symbol: EMN<br>Cluster: 10,10
161,ETN,Eaton Corporation,https://en.wikipedia.org/wiki/Eaton_Corporation,12,4.859759,3.8772688,0.77959186,<b>Eaton Corporation</b><br>Symbol: ETN<br>Cluster: 12,12
162,EBAY,eBay Inc.,https://en.wikipedia.org/wiki/EBay,3,6.4847326,2.4198987,5.419333,<b>eBay Inc.</b><br>Symbol: EBAY<br>Cluster: 3,3
163,ECL,Ecolab,https://en.wikipedia.org/wiki/Ecolab,7,6.0751476,3.1902964,1.578152,<b>Ecolab</b><br>Symbol: ECL<br>Cluster: 7,7
164,EIX,Edison International,https://en.wikipedia.org/wiki/Edison_International,12,4.461842,3.8145542,0.48848194,<b>Edison International</b><br>Symbol: EIX<br>Cluster: 12,12
165,EW,Edwards Lifesciences,https://en.wikipedia.org/wiki/Edwards_Lifesciences,9,7.051131,1.7721695,1.8922601,<b>Edwards Lifesciences</b><br>Symbol: EW<br>Cluster: 9,9
166,EA,Electronic Arts,https://en.wikipedia.org/wiki/Electronic_Arts,20,6.788526,0.51983345,3.416308,<b>Electronic Arts</b><br>Symbol: EA<br>Cluster: 20,20
167,ELV,Elevance Health,https://en.wikipedia.org/wiki/Elevance_Health,8,8.315702,3.4287193,3.5476027,<b>Elevance Health</b><br>Symbol: ELV<br>Cluster: 8,8
168,EME,Emcor,https://en.wikipedia.org/wiki/Emcor,12,4.9700847,3.918602,0.5959585,<b>Emcor</b><br>Symbol: EME<br>Cluster: 12,12
169,EMR,Emerson Electric,https://en.wikipedia.org/wiki/Emerson_Electric,12,4.932465,3.6495621,0.51206887,<b>Emerson Electric</b><br>Symbol: EMR<br>Cluster: 12,12
170,ETR,Entergy,https://en.wikipedia.org/wiki/Entergy,12,4.4564376,4.166164,1.0287361,<b>Entergy</b><br>Symbol: ETR<br>Cluster: 12,12
171,EOG,EOG Resources,https://en.wikipedia.org/wiki/EOG_Resources,12,4.0284343,4.396978,1.9181575,<b>EOG Resources</b><br>Symbol: EOG<br>Cluster: 12,12
172,EPAM,EPAM Systems,https://en.wikipedia.org/wiki/EPAM_Systems,20,6.789202,0.6425123,3.1670558,<b>EPAM Systems</b><br>Symbol: EPAM<br>Cluster: 20,20
173,EQT,EQT Corporation,https://en.wikipedia.org/wiki/EQT_Corporation,12,3.9590135,4.36453,1.7697988,<b>EQT Corporation</b><br>Symbol: EQT<br>Cluster: 12,12
174,EFX,Equifax,https://en.wikipedia.org/wiki/Equifax,18,7.8054886,2.4995215,5.4146457,<b>Equifax</b><br>Symbol: EFX<br>Cluster: 18,18
175,EQIX,Equinix,https://en.wikipedia.org/wiki/Equinix,6,6.080255,2.1483605,6.222118,<b>Equinix</b><br>Symbol: EQIX<br>Cluster: 6,6
176,EQR,Equity Residential,https://en.wikipedia.org/wiki/Equity_Residential,6,5.7418466,2.1221678,6.7254963,<b>Equity Residential</b><br>Symbol: EQR<br>Cluster: 6,6
177,ERIE,Erie Indemnity,https://en.wikipedia.org/wiki/Erie_Insurance_Group,15,8.528156,3.758337,4.2516174,<b>Erie Indemnity</b><br>Symbol: ERIE<br>Cluster: 15,15
178,ESS,Essex Property Trust,https://en.wikipedia.org/wiki/Essex_Property_Trust,6,5.924332,2.007401,6.6818013,<b>Essex Property Trust</b><br>Symbol: ESS<br>Cluster: 6,6
179,EL,Estée Lauder Companies (The),https://en.wikipedia.org/wiki/The_Est%C3%A9e_Lauder_Companies,0,4.566325,3.461269,3.8542173,<b>Estée Lauder Companies (The)</b><br>Symbol: EL<br>Cluster: 0,0
180,EG,Everest Group,https://en.wikipedia.org/wiki/Everest_Group,15,8.546042,3.3733249,4.3027873,<b>Everest Group</b><br>Symbol: EG<br>Cluster: 15,15
181,EVRG,Evergy,https://en.wikipedia.org/wiki/Evergy,12,4.1967254,3.9928071,0.89308494,<b>Evergy</b><br>Symbol: EVRG<br>Cluster: 12,12
182,ES,Eversource Energy,https://en.wikipedia.org/wiki/Eversource_Energy,12,4.424046,3.9790459,0.6217892,<b>Eversource Energy</b><br>Symbol: ES<br>Cluster: 12,12
183,EXC,Exelon,https://en.wikipedia.org/wiki/Exelon,12,4.7191124,3.9928117,0.6045735,<b>Exelon</b><br>Symbol: EXC<br>Cluster: 12,12
184,EXE,Expand Energy,https://en.wikipedia.org/wiki/Expand_Energy,12,4.2332196,4.4792523,1.4994044,<b>Expand Energy</b><br>Symbol: EXE<br>Cluster: 12,12
185,EXPE,Expedia Group,https://en.wikipedia.org/wiki/Expedia_Group,6,5.9586873,2.8041382,5.755034,<b>Expedia Group</b><br>Symbol: EXPE<br>Cluster: 6,6
186,EXPD,Expeditors International,https://en.wikipedia.org/wiki/Expeditors_International,-1,6.1059666,3.493916,5.532317,<b>Expeditors International</b><br>Symbol: EXPD<br>Cluster: -1,-1
187,EXR,Extra Space Storage,https://en.wikipedia.org/wiki/Extra_Space_Storage,6,5.7796817,2.735202,6.6859317,<b>Extra Space Storage</b><br>Symbol: EXR<br>Cluster: 6,6
188,XOM,ExxonMobil,https://en.wikipedia.org/wiki/ExxonMobil,12,4.478704,4.789244,1.8418643,<b>ExxonMobil</b><br>Symbol: XOM<br>Cluster: 12,12
189,FFIV,"F5, Inc.","https://en.wikipedia.org/wiki/F5,_Inc.",18,7.6421423,1.6419516,5.0018253,"<b>F5, Inc.</b><br>Symbol: FFIV<br>Cluster: 18",18
190,FDS,FactSet,https://en.wikipedia.org/wiki/FactSet,18,8.025519,2.0206008,5.234094,<b>FactSet</b><br>Symbol: FDS<br>Cluster: 18,18
191,FICO,Fair Isaac,https://en.wikipedia.org/wiki/FICO,18,7.9355016,2.141942,5.3422065,<b>Fair Isaac</b><br>Symbol: FICO<br>Cluster: 18,18
192,FAST,Fastenal,https://en.wikipedia.org/wiki/Fastenal,-1,6.6245556,3.7120662,4.7705216,<b>Fastenal</b><br>Symbol: FAST<br>Cluster: -1,-1
193,FRT,Federal Realty Investment Trust,https://en.wikipedia.org/wiki/Federal_Realty_Investment_Trust,6,5.7720537,2.128774,6.9029274,<b>Federal Realty Investment Trust</b><br>Symbol: FRT<br>Cluster: 6,6
194,FDX,FedEx,https://en.wikipedia.org/wiki/FedEx,-1,6.3025203,3.7418866,5.159357,<b>FedEx</b><br>Symbol: FDX<br>Cluster: -1,-1
195,FIS,Fidelity National Information Services,https://en.wikipedia.org/wiki/FIS_(company),18,7.916725,2.3411305,5.250862,<b>Fidelity National Information Services</b><br>Symbol: FIS<br>Cluster: 18,18
196,FITB,Fifth Third Bancorp,https://en.wikipedia.org/wiki/Fifth_Third_Bancorp,14,8.709628,4.0917873,5.741736,<b>Fifth Third Bancorp</b><br>Symbol: FITB<br>Cluster: 14,14
197,FSLR,First Solar,https://en.wikipedia.org/wiki/First_Solar,19,6.356131,1.5457377,3.2945282,<b>First Solar</b><br>Symbol: FSLR<br>Cluster: 19,19
198,FE,FirstEnergy,https://en.wikipedia.org/wiki/FirstEnergy,12,4.5241666,4.115476,0.7976593,<b>FirstEnergy</b><br>Symbol: FE<br>Cluster: 12,12
199,FI,Fiserv,https://en.wikipedia.org/wiki/Fiserv,18,8.004763,2.149658,5.3626056,<b>Fiserv</b><br>Symbol: FI<br>Cluster: 18,18
200,F,Ford Motor Company,https://en.wikipedia.org/wiki/Ford_Motor_Company,10,4.7802978,2.1876729,3.5794408,<b>Ford Motor Company</b><br>Symbol: F<br>Cluster: 10,10
201,FTNT,Fortinet,https://en.wikipedia.org/wiki/Fortinet,18,7.6136093,1.4536575,4.9694633,<b>Fortinet</b><br>Symbol: FTNT<br>Cluster: 18,18
202,FTV,Fortive,https://en.wikipedia.org/wiki/Fortive,18,7.8801384,1.6209987,5.0550566,<b>Fortive</b><br>Symbol: FTV<br>Cluster: 18,18
203,FOXA,Fox Corporation (Class A),https://en.wikipedia.org/wiki/Fox_Corporation,5,4.6173925,1.7535331,4.9685864,<b>Fox Corporation (Class A)</b><br>Symbol: FOXA<br>Cluster: 5,5
204,FOX,Fox Corporation (Class B),https://en.wikipedia.org/wiki/Fox_Corporation,5,4.7516656,1.7221428,4.876037,<b>Fox Corporation (Class B)</b><br>Symbol: FOX<br>Cluster: 5,5
205,BEN,Franklin Resources,https://en.wikipedia.org/wiki/Franklin_Templeton_Investments,-1,6.887742,3.621891,5.130578,<b>Franklin Resources</b><br>Symbol: BEN<br>Cluster: -1,-1
206,FCX,Freeport-McMoRan,https://en.wikipedia.org/wiki/Freeport-McMoRan,4,5.5740514,4.123136,3.3044465,<b>Freeport-McMoRan</b><br>Symbol: FCX<br>Cluster: 4,4
207,GRMN,Garmin,https://en.wikipedia.org/wiki/Garmin,10,5.5399895,1.3768711,2.9560716,<b>Garmin</b><br>Symbol: GRMN<br>Cluster: 10,10
208,IT,Gartner,https://en.wikipedia.org/wiki/Gartner,10,5.486072,1.6737996,3.0247622,<b>Gartner</b><br>Symbol: IT<br>Cluster: 10,10
209,GE,GE Aerospace,https://en.wikipedia.org/wiki/GE_Aerospace,10,4.981722,1.8235066,2.6994083,<b>GE Aerospace</b><br>Symbol: GE<br>Cluster: 10,10
210,GEHC,GE HealthCare,https://en.wikipedia.org/wiki/GE_HealthCare,9,7.1233153,1.5261024,2.0012617,<b>GE HealthCare</b><br>Symbol: GEHC<br>Cluster: 9,9
211,GEV,GE Vernova,https://en.wikipedia.org/wiki/GE_Vernova,12,3.948623,4.0420694,1.1479524,<b>GE Vernova</b><br>Symbol: GEV<br>Cluster: 12,12
212,GEN,Gen Digital,https://en.wikipedia.org/wiki/Gen_Digital,10,5.656889,1.5014999,3.3577714,<b>Gen Digital</b><br>Symbol: GEN<br>Cluster: 10,10
213,GNRC,Generac,https://en.wikipedia.org/wiki/Generac,10,4.911035,2.09678,2.64817,<b>Generac</b><br>Symbol: GNRC<br>Cluster: 10,10
214,GD,General Dynamics,https://en.wikipedia.org/wiki/General_Dynamics,10,4.89189,1.8257853,3.0680423,<b>General Dynamics</b><br>Symbol: GD<br>Cluster: 10,10
215,GIS,General Mills,https://en.wikipedia.org/wiki/General_Mills,2,6.8051076,4.1638966,3.5521803,<b>General Mills</b><br>Symbol: GIS<br>Cluster: 2,2
216,GM,General Motors,https://en.wikipedia.org/wiki/General_Motors,10,4.8258104,2.1670852,3.140962,<b>General Motors</b><br>Symbol: GM<br>Cluster: 10,10
217,GPC,Genuine Parts Company,https://en.wikipedia.org/wiki/Genuine_Parts_Company,10,5.0307045,2.435255,2.7530563,<b>Genuine Parts Company</b><br>Symbol: GPC<br>Cluster: 10,10
218,GILD,Gilead Sciences,https://en.wikipedia.org/wiki/Gilead_Sciences,9,7.865754,2.217829,1.4767016,<b>Gilead Sciences</b><br>Symbol: GILD<br>Cluster: 9,9
219,GPN,Global Payments,https://en.wikipedia.org/wiki/Global_Payments,13,7.343683,2.289249,5.172853,<b>Global Payments</b><br>Symbol: GPN<br>Cluster: 13,13
220,GL,Globe Life,https://en.wikipedia.org/wiki/Globe_Life,15,8.125588,3.4629664,4.6282434,<b>Globe Life</b><br>Symbol: GL<br>Cluster: 15,15
221,GDDY,GoDaddy,https://en.wikipedia.org/wiki/GoDaddy,-1,5.8760643,2.2651474,4.6450467,<b>GoDaddy</b><br>Symbol: GDDY<br>Cluster: -1,-1
222,GS,Goldman Sachs,https://en.wikipedia.org/wiki/Goldman_Sachs,14,7.832087,4.2958193,5.369841,<b>Goldman Sachs</b><br>Symbol: GS<br>Cluster: 14,14
223,HAL,Halliburton,https://en.wikipedia.org/wiki/Halliburton,-1,4.351215,3.7499924,2.7276711,<b>Halliburton</b><br>Symbol: HAL<br>Cluster: -1,-1
224,HIG,Hartford (The),https://en.wikipedia.org/wiki/The_Hartford,15,8.285888,3.8372328,4.0152316,<b>Hartford (The)</b><br>Symbol: HIG<br>Cluster: 15,15
225,HAS,Hasbro,https://en.wikipedia.org/wiki/Hasbro,-1,6.250387,3.479128,3.5532665,<b>Hasbro</b><br>Symbol: HAS<br>Cluster: -1,-1
226,HCA,HCA Healthcare,https://en.wikipedia.org/wiki/HCA_Healthcare,8,8.003181,3.1095517,3.1465735,<b>HCA Healthcare</b><br>Symbol: HCA<br>Cluster: 8,8
227,DOC,Healthpeak Properties,https://en.wikipedia.org/wiki/Healthpeak_Properties,6,5.8628,2.0481074,6.2785535,<b>Healthpeak Properties</b><br>Symbol: DOC<br>Cluster: 6,6
228,HSIC,Henry Schein,https://en.wikipedia.org/wiki/Henry_Schein,8,7.6946554,3.4033363,3.0842898,<b>Henry Schein</b><br>Symbol: HSIC<br>Cluster: 8,8
229,HSY,Hershey Company (The),https://en.wikipedia.org/wiki/The_Hershey_Company,2,6.471822,4.267743,3.3275292,<b>Hershey Company (The)</b><br>Symbol: HSY<br>Cluster: 2,2
230,HPE,Hewlett Packard Enterprise,https://en.wikipedia.org/wiki/Hewlett_Packard_Enterprise,10,5.353137,2.002295,3.6383092,<b>Hewlett Packard Enterprise</b><br>Symbol: HPE<br>Cluster: 10,10
231,HLT,Hilton Worldwide,https://en.wikipedia.org/wiki/Hilton_Worldwide,6,5.207614,2.9207568,5.615841,<b>Hilton Worldwide</b><br>Symbol: HLT<br>Cluster: 6,6
232,HOLX,Hologic,https://en.wikipedia.org/wiki/Hologic,9,7.343862,1.9228404,2.2730045,<b>Hologic</b><br>Symbol: HOLX<br>Cluster: 9,9
233,HD,Home Depot (The),https://en.wikipedia.org/wiki/Home_Depot,0,4.9833784,2.7863183,3.9628692,<b>Home Depot (The)</b><br>Symbol: HD<br>Cluster: 0,0
234,HON,Honeywell,https://en.wikipedia.org/wiki/Honeywell,-1,5.555005,2.4205368,2.9716601,<b>Honeywell</b><br>Symbol: HON<br>Cluster: -1,-1
235,HRL,Hormel Foods,https://en.wikipedia.org/wiki/Hormel_Foods,2,6.6486616,4.535341,3.555855,<b>Hormel Foods</b><br>Symbol: HRL<br>Cluster: 2,2
236,HST,Host Hotels & Resorts,https://en.wikipedia.org/wiki/Host_Hotels_%26_Resorts,6,5.428949,2.645597,6.0442753,<b>Host Hotels & Resorts</b><br>Symbol: HST<br>Cluster: 6,6
237,HWM,Howmet Aerospace,https://en.wikipedia.org/wiki/Howmet_Aerospace,-1,5.6144176,1.8151454,2.629988,<b>Howmet Aerospace</b><br>Symbol: HWM<br>Cluster: -1,-1
238,HPQ,HP Inc.,https://en.wikipedia.org/wiki/HP_Inc.,10,5.504646,1.8902507,3.6823692,<b>HP Inc.</b><br>Symbol: HPQ<br>Cluster: 10,10
239,HUBB,Hubbell Incorporated,https://en.wikipedia.org/wiki/Hubbell_Incorporated,-1,5.974836,2.9611812,3.365638,<b>Hubbell Incorporated</b><br>Symbol: HUBB<br>Cluster: -1,-1
240,HUM,Humana,https://en.wikipedia.org/wiki/Humana,8,8.128591,3.4576108,3.1805685,<b>Humana</b><br>Symbol: HUM<br>Cluster: 8,8
241,HBAN,Huntington Bancshares,https://en.wikipedia.org/wiki/Huntington_Bancshares,14,8.614513,4.3254604,5.63908,<b>Huntington Bancshares</b><br>Symbol: HBAN<br>Cluster: 14,14
242,HII,Huntington Ingalls Industries,https://en.wikipedia.org/wiki/Huntington_Ingalls_Industries,10,5.209772,2.1089396,3.5782435,<b>Huntington Ingalls Industries</b><br>Symbol: HII<br>Cluster: 10,10
243,IBM,IBM,https://en.wikipedia.org/wiki/IBM,21,6.1656923,1.1109563,4.46548,<b>IBM</b><br>Symbol: IBM<br>Cluster: 21,21
244,IEX,IDEX Corporation,https://en.wikipedia.org/wiki/IDEX_Corporation,9,6.6139946,2.2427385,1.6278574,<b>IDEX Corporation</b><br>Symbol: IEX<br>Cluster: 9,9
245,IDXX,Idexx Laboratories,https://en.wikipedia.org/wiki/Idexx_Laboratories,9,6.961016,2.4196224,1.4669687,<b>Idexx Laboratories</b><br>Symbol: IDXX<br>Cluster: 9,9
246,ITW,Illinois Tool Works,https://en.wikipedia.org/wiki/Illinois_Tool_Works,10,5.6666517,2.1219532,2.2655098,<b>Illinois Tool Works</b><br>Symbol: ITW<br>Cluster: 10,10
247,INCY,Incyte,https://en.wikipedia.org/wiki/Incyte,9,7.3262515,2.4628143,1.3342115,<b>Incyte</b><br>Symbol: INCY<br>Cluster: 9,9
248,IR,Ingersoll Rand,https://en.wikipedia.org/wiki/Ingersoll_Rand,10,5.6235437,2.1211379,2.0376847,<b>Ingersoll Rand</b><br>Symbol: IR<br>Cluster: 10,10
250,INTC,Intel,https://en.wikipedia.org/wiki/Intel,21,6.0518236,0.87298393,3.9604778,<b>Intel</b><br>Symbol: INTC<br>Cluster: 21,21
251,IBKR,Interactive Brokers,https://en.wikipedia.org/wiki/Interactive_Brokers,3,6.8100424,2.830656,5.6411815,<b>Interactive Brokers</b><br>Symbol: IBKR<br>Cluster: 3,3
252,ICE,Intercontinental Exchange,https://en.wikipedia.org/wiki/Intercontinental_Exchange,3,7.0119476,2.8013508,5.4931035,<b>Intercontinental Exchange</b><br>Symbol: ICE<br>Cluster: 3,3
253,IFF,International Flavors & Fragrances,https://en.wikipedia.org/wiki/International_Flavors_%26_Fragrances,-1,7.1574845,2.803403,4.767908,<b>International Flavors & Fragrances</b><br>Symbol: IFF<br>Cluster: -1,-1
254,IP,International Paper,https://en.wikipedia.org/wiki/International_Paper,7,6.3648267,3.457501,2.478524,<b>International Paper</b><br>Symbol: IP<br>Cluster: 7,7
255,IPG,Interpublic Group of Companies (The),https://en.wikipedia.org/wiki/The_Interpublic_Group_of_Companies,-1,6.9023128,3.1457605,4.565694,<b>Interpublic Group of Companies (The)</b><br>Symbol: IPG<br>Cluster: -1,-1
256,INTU,Intuit,https://en.wikipedia.org/wiki/Intuit,-1,6.7149014,0.658826,3.8799345,<b>Intuit</b><br>Symbol: INTU<br>Cluster: -1,-1
257,ISRG,Intuitive Surgical,https://en.wikipedia.org/wiki/Intuitive_Surgical,9,7.266969,1.3921075,2.29315,<b>Intuitive Surgical</b><br>Symbol: ISRG<br>Cluster: 9,9
258,IVZ,Invesco,https://en.wikipedia.org/wiki/Invesco,-1,6.7496576,2.4135804,5.877641,<b>Invesco</b><br>Symbol: IVZ<br>Cluster: -1,-1
259,INVH,Invitation Homes,https://en.wikipedia.org/wiki/Invitation_Homes,6,5.3385806,2.8361487,5.2347918,<b>Invitation Homes</b><br>Symbol: INVH<br>Cluster: 6,6
260,IQV,IQVIA,https://en.wikipedia.org/wiki/IQVIA,9,7.711674,2.1999156,2.0346303,<b>IQVIA</b><br>Symbol: IQV<br>Cluster: 9,9
261,IRM,Iron Mountain,https://en.wikipedia.org/wiki/Iron_Mountain_(company),4,5.9112315,2.9299111,2.6055846,<b>Iron Mountain</b><br>Symbol: IRM<br>Cluster: 4,4
262,JBHT,J.B. Hunt,https://en.wikipedia.org/wiki/J.B._Hunt,-1,6.527573,3.4585817,4.10981,<b>J.B. Hunt</b><br>Symbol: JBHT<br>Cluster: -1,-1
263,JBL,Jabil,https://en.wikipedia.org/wiki/Jabil,-1,6.417479,2.5483966,3.2708986,<b>Jabil</b><br>Symbol: JBL<br>Cluster: -1,-1
264,JKHY,Jack Henry & Associates,https://en.wikipedia.org/wiki/Jack_Henry_%26_Associates,-1,7.284276,3.0082922,4.935648,<b>Jack Henry & Associates</b><br>Symbol: JKHY<br>Cluster: -1,-1
265,J,Jacobs Solutions,https://en.wikipedia.org/wiki/Jacobs_Solutions,-1,6.28385,2.6277058,3.5196533,<b>Jacobs Solutions</b><br>Symbol: J<br>Cluster: -1,-1
266,JNJ,Johnson & Johnson,https://en.wikipedia.org/wiki/Johnson_%26_Johnson,-1,6.2852244,2.8145669,3.0882473,<b>Johnson & Johnson</b><br>Symbol: JNJ<br>Cluster: -1,-1
267,JCI,Johnson Controls,https://en.wikipedia.org/wiki/Johnson_Controls,-1,5.843671,2.5583656,2.7898374,<b>Johnson Controls</b><br>Symbol: JCI<br>Cluster: -1,-1
268,JPM,JPMorgan Chase,https://en.wikipedia.org/wiki/JPMorgan_Chase,14,8.0532465,4.374324,5.6632757,<b>JPMorgan Chase</b><br>Symbol: JPM<br>Cluster: 14,14
269,K,Kellanova,https://en.wikipedia.org/wiki/Kellanova,2,6.8440995,4.1319866,3.1480052,<b>Kellanova</b><br>Symbol: K<br>Cluster: 2,2
270,KVUE,Kenvue,https://en.wikipedia.org/wiki/Kenvue,9,7.64265,2.7973304,2.0400832,<b>Kenvue</b><br>Symbol: KVUE<br>Cluster: 9,9
271,KDP,Keurig Dr Pepper,https://en.wikipedia.org/wiki/Keurig_Dr_Pepper,1,5.916991,4.9269624,3.027322,<b>Keurig Dr Pepper</b><br>Symbol: KDP<br>Cluster: 1,1
272,KEY,KeyCorp,https://en.wikipedia.org/wiki/KeyCorp,14,8.647618,4.2210207,5.716324,<b>KeyCorp</b><br>Symbol: KEY<br>Cluster: 14,14
273,KEYS,Keysight Technologies,https://en.wikipedia.org/wiki/Keysight_Technologies,-1,6.4522476,1.1672204,2.6590316,<b>Keysight Technologies</b><br>Symbol: KEYS<br>Cluster: -1,-1
274,KMB,Kimberly-Clark,https://en.wikipedia.org/wiki/Kimberly-Clark,7,6.612297,3.5798447,2.5539973,<b>Kimberly-Clark</b><br>Symbol: KMB<br>Cluster: 7,7
275,KIM,Kimco Realty,https://en.wikipedia.org/wiki/Kimco_Realty,6,5.765101,2.4494438,6.8917327,<b>Kimco Realty</b><br>Symbol: KIM<br>Cluster: 6,6
276,KMI,Kinder Morgan,https://en.wikipedia.org/wiki/Kinder_Morgan,12,4.5763555,4.6010947,1.6056024,<b>Kinder Morgan</b><br>Symbol: KMI<br>Cluster: 12,12
277,KKR,KKR & Co.,https://en.wikipedia.org/wiki/Kohlberg_Kravis_Roberts,16,7.144065,3.4915655,5.3807387,<b>KKR & Co.</b><br>Symbol: KKR<br>Cluster: 16,16
278,KLAC,KLA Corporation,https://en.wikipedia.org/wiki/KLA_Corporation,-1,6.494239,2.327455,3.0042295,<b>KLA Corporation</b><br>Symbol: KLAC<br>Cluster: -1,-1
279,KHC,Kraft Heinz,https://en.wikipedia.org/wiki/Kraft_Heinz,2,6.4378595,4.422915,3.3500257,<b>Kraft Heinz</b><br>Symbol: KHC<br>Cluster: 2,2
280,KR,Kroger,https://en.wikipedia.org/wiki/Kroger,0,5.976445,3.7761536,4.1793866,<b>Kroger</b><br>Symbol: KR<br>Cluster: 0,0
281,LHX,L3Harris,https://en.wikipedia.org/wiki/L3Harris,10,5.2378316,1.368445,3.3406403,<b>L3Harris</b><br>Symbol: LHX<br>Cluster: 10,10
282,LH,Labcorp,https://en.wikipedia.org/wiki/Labcorp,9,7.3623247,2.1235251,1.9612968,<b>Labcorp</b><br>Symbol: LH<br>Cluster: 9,9
283,LRCX,Lam Research,https://en.wikipedia.org/wiki/Lam_Research,-1,6.487018,2.236573,2.5750587,<b>Lam Research</b><br>Symbol: LRCX<br>Cluster: -1,-1
284,LW,Lamb Weston,https://en.wikipedia.org/wiki/Lamb_Weston,2,6.6534567,4.350359,3.9729047,<b>Lamb Weston</b><br>Symbol: LW<br>Cluster: 2,2
285,LVS,Las Vegas Sands,https://en.wikipedia.org/wiki/Las_Vegas_Sands,6,4.9210587,2.8820078,5.7372165,<b>Las Vegas Sands</b><br>Symbol: LVS<br>Cluster: 6,6
286,LDOS,Leidos,https://en.wikipedia.org/wiki/Leidos,10,5.05718,1.4018457,3.2604659,<b>Leidos</b><br>Symbol: LDOS<br>Cluster: 10,10
287,LEN,Lennar,https://en.wikipedia.org/wiki/Lennar,6,4.93311,2.8742723,4.79491,<b>Lennar</b><br>Symbol: LEN<br>Cluster: 6,6
288,LII,Lennox International,https://en.wikipedia.org/wiki/Lennox_International,-1,5.378478,2.4679844,2.7648444,<b>Lennox International</b><br>Symbol: LII<br>Cluster: -1,-1
289,LLY,Lilly (Eli),https://en.wikipedia.org/wiki/Eli_Lilly_and_Company,9,7.357358,2.581767,1.4672965,<b>Lilly (Eli)</b><br>Symbol: LLY<br>Cluster: 9,9
290,LIN,Linde plc,https://en.wikipedia.org/wiki/Linde_plc,-1,4.8302546,3.1768281,2.5462182,<b>Linde plc</b><br>Symbol: LIN<br>Cluster: -1,-1
291,LYV,Live Nation Entertainment,https://en.wikipedia.org/wiki/Live_Nation_Entertainment,6,4.8801627,2.6322753,4.8735075,<b>Live Nation Entertainment</b><br>Symbol: LYV<br>Cluster: 6,6
292,LKQ,LKQ Corporation,https://en.wikipedia.org/wiki/LKQ_Corporation,0,5.9964066,2.442603,3.249063,<b>LKQ Corporation</b><br>Symbol: LKQ<br>Cluster: 0,0
293,LMT,Lockheed Martin,https://en.wikipedia.org/wiki/Lockheed_Martin,10,4.9300585,1.6651355,3.3247726,<b>Lockheed Martin</b><br>Symbol: LMT<br>Cluster: 10,10
294,L,Loews Corporation,https://en.wikipedia.org/wiki/Loews_Corporation,6,4.7710733,2.700667,4.9865465,<b>Loews Corporation</b><br>Symbol: L<br>Cluster: 6,6
295,LOW,Lowe's,https://en.wikipedia.org/wiki/Lowe%27s,0,5.017306,2.9731557,4.261794,<b>Lowe's</b><br>Symbol: LOW<br>Cluster: 0,0
296,LULU,Lululemon Athletica,https://en.wikipedia.org/wiki/Lululemon,0,4.601875,2.9753375,4.3630867,<b>Lululemon Athletica</b><br>Symbol: LULU<br>Cluster: 0,0
297,LYB,LyondellBasell,https://en.wikipedia.org/wiki/LyondellBasell,-1,4.661909,3.7120085,2.6776967,<b>LyondellBasell</b><br>Symbol: LYB<br>Cluster: -1,-1
298,MTB,M&T Bank,https://en.wikipedia.org/wiki/M%26T_Bank,14,8.660887,4.298951,5.9071617,<b>M&T Bank</b><br>Symbol: MTB<br>Cluster: 14,14
299,MPC,Marathon Petroleum,https://en.wikipedia.org/wiki/Marathon_Petroleum,12,4.5593476,4.5450535,2.043877,<b>Marathon Petroleum</b><br>Symbol: MPC<br>Cluster: 12,12
300,MAR,Marriott International,https://en.wikipedia.org/wiki/Marriott_International,6,5.3135943,2.868365,5.752943,<b>Marriott International</b><br>Symbol: MAR<br>Cluster: 6,6
301,MMC,Marsh McLennan,https://en.wikipedia.org/wiki/Marsh_McLennan,15,7.604291,3.677329,4.452355,<b>Marsh McLennan</b><br>Symbol: MMC<br>Cluster: 15,15
302,MLM,Martin Marietta Materials,https://en.wikipedia.org/wiki/Martin_Marietta_Materials,4,5.728362,3.7325628,3.1560078,<b>Martin Marietta Materials</b><br>Symbol: MLM<br>Cluster: 4,4
303,MAS,Masco,https://en.wikipedia.org/wiki/Masco,4,6.479271,3.5355802,3.5607116,<b>Masco</b><br>Symbol: MAS<br>Cluster: 4,4
304,MA,Mastercard,https://en.wikipedia.org/wiki/Mastercard,13,7.3456626,2.6786008,5.313115,<b>Mastercard</b><br>Symbol: MA<br>Cluster: 13,13
305,MTCH,Match Group,https://en.wikipedia.org/wiki/Match_Group,6,6.085981,2.1942744,5.188599,<b>Match Group</b><br>Symbol: MTCH<br>Cluster: 6,6
306,MKC,McCormick & Company,https://en.wikipedia.org/wiki/McCormick_%26_Company,2,6.59913,3.9892178,3.9676921,<b>McCormick & Company</b><br>Symbol: MKC<br>Cluster: 2,2
307,MCD,McDonald's,https://en.wikipedia.org/wiki/McDonald%27s,2,6.1565413,4.3456693,3.884932,<b>McDonald's</b><br>Symbol: MCD<br>Cluster: 2,2
308,MCK,McKesson Corporation,https://en.wikipedia.org/wiki/McKesson_Corporation,8,7.542824,3.319348,2.5779173,<b>McKesson Corporation</b><br>Symbol: MCK<br>Cluster: 8,8
309,MDT,Medtronic,https://en.wikipedia.org/wiki/Medtronic,9,6.7762594,1.4497926,2.1400921,<b>Medtronic</b><br>Symbol: MDT<br>Cluster: 9,9
310,MRK,Merck & Co.,https://en.wikipedia.org/wiki/Merck_%26_Co.,9,7.806146,2.7326803,1.6566087,<b>Merck & Co.</b><br>Symbol: MRK<br>Cluster: 9,9
311,META,Meta Platforms,https://en.wikipedia.org/wiki/Meta_Platforms,21,6.4912515,0.7738805,4.767289,<b>Meta Platforms</b><br>Symbol: META<br>Cluster: 21,21
312,MET,MetLife,https://en.wikipedia.org/wiki/MetLife,15,8.101469,3.5721169,4.412909,<b>MetLife</b><br>Symbol: MET<br>Cluster: 15,15
313,MTD,Mettler Toledo,https://en.wikipedia.org/wiki/Mettler_Toledo,-1,6.49117,1.5201848,2.0581799,<b>Mettler Toledo</b><br>Symbol: MTD<br>Cluster: -1,-1
314,MGM,MGM Resorts,https://en.wikipedia.org/wiki/MGM_Resorts,6,5.070634,2.8537674,5.8779225,<b>MGM Resorts</b><br>Symbol: MGM<br>Cluster: 6,6
315,MCHP,Microchip Technology,https://en.wikipedia.org/wiki/Microchip_Technology,19,6.2344255,1.5650523,3.5447943,<b>Microchip Technology</b><br>Symbol: MCHP<br>Cluster: 19,19
316,MU,Micron Technology,https://en.wikipedia.org/wiki/Micron_Technology,19,6.3572226,2.0973692,3.5273478,<b>Micron Technology</b><br>Symbol: MU<br>Cluster: 19,19
317,MSFT,Microsoft,https://en.wikipedia.org/wiki/Microsoft,21,6.3076544,0.7302566,4.556662,<b>Microsoft</b><br>Symbol: MSFT<br>Cluster: 21,21
318,MAA,Mid-America Apartment Communities,https://en.wikipedia.org/wiki/Mid-America_Apartment_Communities,6,5.6209936,1.9107335,6.4294724,<b>Mid-America Apartment Communities</b><br>Symbol: MAA<br>Cluster: 6,6
319,MRNA,Moderna,https://en.wikipedia.org/wiki/Moderna,9,8.050181,2.282247,1.3295201,<b>Moderna</b><br>Symbol: MRNA<br>Cluster: 9,9
320,MHK,Mohawk Industries,https://en.wikipedia.org/wiki/Mohawk_Industries,4,6.126721,3.6129425,3.2846673,<b>Mohawk Industries</b><br>Symbol: MHK<br>Cluster: 4,4
321,MOH,Molina Healthcare,https://en.wikipedia.org/wiki/Molina_Healthcare,8,8.162407,3.5413086,3.4593801,<b>Molina Healthcare</b><br>Symbol: MOH<br>Cluster: 8,8
322,TAP,Molson Coors Beverage Company,https://en.wikipedia.org/wiki/Molson_Coors,1,6.132324,4.6968193,2.9527144,<b>Molson Coors Beverage Company</b><br>Symbol: TAP<br>Cluster: 1,1
323,MDLZ,Mondelez International,https://en.wikipedia.org/wiki/Mondelez_International,2,6.477998,4.1735735,3.4647944,<b>Mondelez International</b><br>Symbol: MDLZ<br>Cluster: 2,2
324,MPWR,Monolithic Power Systems,https://en.wikipedia.org/wiki/Monolithic_Power_Systems,19,6.2100058,2.0104005,3.3674436,<b>Monolithic Power Systems</b><br>Symbol: MPWR<br>Cluster: 19,19
325,MNST,Monster Beverage,https://en.wikipedia.org/wiki/Monster_Beverage,1,6.1025996,4.8680882,2.984895,<b>Monster Beverage</b><br>Symbol: MNST<br>Cluster: 1,1
326,MCO,Moody's Corporation,https://en.wikipedia.org/wiki/Moody%27s_Corporation,14,7.525307,3.8419917,5.199924,<b>Moody's Corporation</b><br>Symbol: MCO<br>Cluster: 14,14
327,MS,Morgan Stanley,https://en.wikipedia.org/wiki/Morgan_Stanley,14,7.806484,4.10599,5.4978004,<b>Morgan Stanley</b><br>Symbol: MS<br>Cluster: 14,14
328,MOS,Mosaic Company (The),https://en.wikipedia.org/wiki/The_Mosaic_Company,4,5.906865,3.9097736,3.3683796,<b>Mosaic Company (The)</b><br>Symbol: MOS<br>Cluster: 4,4
329,MSI,Motorola Solutions,https://en.wikipedia.org/wiki/Motorola_Solutions,-1,5.7668695,1.4553726,3.6631644,<b>Motorola Solutions</b><br>Symbol: MSI<br>Cluster: -1,-1
330,MSCI,MSCI Inc.,https://en.wikipedia.org/wiki/MSCI,14,7.201345,3.6261542,4.887531,<b>MSCI Inc.</b><br>Symbol: MSCI<br>Cluster: 14,14
331,NDAQ,"Nasdaq, Inc.","https://en.wikipedia.org/wiki/Nasdaq,_Inc.",3,6.4542537,2.6089704,5.360569,"<b>Nasdaq, Inc.</b><br>Symbol: NDAQ<br>Cluster: 3",3
332,NTAP,NetApp,https://en.wikipedia.org/wiki/NetApp,21,7.174596,1.1521946,4.490384,<b>NetApp</b><br>Symbol: NTAP<br>Cluster: 21,21
333,NFLX,Netflix,"https://en.wikipedia.org/wiki/Netflix,_Inc.",5,5.222721,1.753223,4.939904,<b>Netflix</b><br>Symbol: NFLX<br>Cluster: 5,5
334,NEM,Newmont,https://en.wikipedia.org/wiki/Newmont,4,5.0369163,4.2340107,3.8453789,<b>Newmont</b><br>Symbol: NEM<br>Cluster: 4,4
335,NWSA,News Corp (Class A),https://en.wikipedia.org/wiki/News_Corp,5,4.724714,1.8950145,4.976356,<b>News Corp (Class A)</b><br>Symbol: NWSA<br>Cluster: 5,5
336,NWS,News Corp (Class B),https://en.wikipedia.org/wiki/News_Corp,5,4.710754,1.9000638,4.8990855,<b>News Corp (Class B)</b><br>Symbol: NWS<br>Cluster: 5,5
337,NEE,NextEra Energy,https://en.wikipedia.org/wiki/NextEra_Energy,12,4.26881,4.0225315,0.76283956,<b>NextEra Energy</b><br>Symbol: NEE<br>Cluster: 12,12
338,NKE,"Nike, Inc.","https://en.wikipedia.org/wiki/Nike,_Inc.",-1,6.2693443,1.7077823,4.1584387,"<b>Nike, Inc.</b><br>Symbol: NKE<br>Cluster: -1",-1
339,NI,NiSource,https://en.wikipedia.org/wiki/NiSource,12,4.226579,4.4611545,1.1587225,<b>NiSource</b><br>Symbol: NI<br>Cluster: 12,12
340,NDSN,Nordson Corporation,https://en.wikipedia.org/wiki/Nordson_Corporation,19,6.4631324,1.8030738,3.107136,<b>Nordson Corporation</b><br>Symbol: NDSN<br>Cluster: 19,19
341,NSC,Norfolk Southern,https://en.wikipedia.org/wiki/Norfolk_Southern_Railway,-1,5.3004127,3.9410138,4.7527347,<b>Norfolk Southern</b><br>Symbol: NSC<br>Cluster: -1,-1
342,NTRS,Northern Trust,https://en.wikipedia.org/wiki/Northern_Trust,14,8.482922,4.0618877,5.9899178,<b>Northern Trust</b><br>Symbol: NTRS<br>Cluster: 14,14
343,NOC,Northrop Grumman,https://en.wikipedia.org/wiki/Northrop_Grumman,10,4.8501906,1.6599559,3.0341468,<b>Northrop Grumman</b><br>Symbol: NOC<br>Cluster: 10,10
344,NCLH,Norwegian Cruise Line Holdings,https://en.wikipedia.org/wiki/Norwegian_Cruise_Line_Holdings,6,4.9763336,3.3201745,5.185687,<b>Norwegian Cruise Line Holdings</b><br>Symbol: NCLH<br>Cluster: 6,6
345,NRG,NRG Energy,https://en.wikipedia.org/wiki/NRG_Energy,12,4.380099,4.4162736,0.92953646,<b>NRG Energy</b><br>Symbol: NRG<br>Cluster: 12,12
346,NUE,Nucor,https://en.wikipedia.org/wiki/Nucor,4,5.114466,4.2205696,3.6549869,<b>Nucor</b><br>Symbol: NUE<br>Cluster: 4,4
347,NVDA,Nvidia,https://en.wikipedia.org/wiki/Nvidia,-1,6.5483394,1.2825905,4.1944847,<b>Nvidia</b><br>Symbol: NVDA<br>Cluster: -1,-1
348,NVR,"NVR, Inc.","https://en.wikipedia.org/wiki/NVR,_Inc.",6,5.7670326,2.3434043,5.6196632,"<b>NVR, Inc.</b><br>Symbol: NVR<br>Cluster: 6",6
349,NXPI,NXP Semiconductors,https://en.wikipedia.org/wiki/NXP_Semiconductors,19,6.61871,1.4163724,3.4537563,<b>NXP Semiconductors</b><br>Symbol: NXPI<br>Cluster: 19,19
350,ORLY,O’Reilly Automotive,https://en.wikipedia.org/wiki/O%27Reilly_Auto_Parts,0,5.5561104,2.6344044,3.8993785,<b>O’Reilly Automotive</b><br>Symbol: ORLY<br>Cluster: 0,0
351,OXY,Occidental Petroleum,https://en.wikipedia.org/wiki/Occidental_Petroleum,12,4.1670966,4.243425,2.1882434,<b>Occidental Petroleum</b><br>Symbol: OXY<br>Cluster: 12,12
352,ODFL,Old Dominion,https://en.wikipedia.org/wiki/Old_Dominion_Freight_Line,0,5.3895125,4.1230373,4.550004,<b>Old Dominion</b><br>Symbol: ODFL<br>Cluster: 0,0
353,OMC,Omnicom Group,https://en.wikipedia.org/wiki/Omnicom_Group,5,5.0533037,2.2320478,5.0174785,<b>Omnicom Group</b><br>Symbol: OMC<br>Cluster: 5,5
354,ON,ON Semiconductor,https://en.wikipedia.org/wiki/Onsemi,19,6.594978,1.3161396,3.221944,<b>ON Semiconductor</b><br>Symbol: ON<br>Cluster: 19,19
355,OKE,Oneok,https://en.wikipedia.org/wiki/Oneok,12,4.524037,4.281331,2.0576668,<b>Oneok</b><br>Symbol: OKE<br>Cluster: 12,12
356,ORCL,Oracle Corporation,https://en.wikipedia.org/wiki/Oracle_Corporation,21,6.1370053,0.6129551,4.1912823,<b>Oracle Corporation</b><br>Symbol: ORCL<br>Cluster: 21,21
357,OTIS,Otis Worldwide,https://en.wikipedia.org/wiki/Otis_Worldwide,10,5.2117133,2.5051956,2.029599,<b>Otis Worldwide</b><br>Symbol: OTIS<br>Cluster: 10,10
358,PCAR,Paccar,https://en.wikipedia.org/wiki/Paccar,10,4.981936,2.629492,2.5908206,<b>Paccar</b><br>Symbol: PCAR<br>Cluster: 10,10
359,PKG,Packaging Corporation of America,https://en.wikipedia.org/wiki/Packaging_Corporation_of_America,7,6.4364743,3.5290442,2.4125967,<b>Packaging Corporation of America</b><br>Symbol: PKG<br>Cluster: 7,7
360,PLTR,Palantir Technologies,https://en.wikipedia.org/wiki/Palantir_Technologies,17,5.8134775,1.0131738,3.2937565,<b>Palantir Technologies</b><br>Symbol: PLTR<br>Cluster: 17,17
361,PANW,Palo Alto Networks,https://en.wikipedia.org/wiki/Palo_Alto_Networks,21,6.9638667,1.1238794,4.4500704,<b>Palo Alto Networks</b><br>Symbol: PANW<br>Cluster: 21,21
362,PSKY,Paramount Skydance Corporation,https://en.wikipedia.org/wiki/Paramount_Skydance,5,4.9385743,1.6396468,4.6459837,<b>Paramount Skydance Corporation</b><br>Symbol: PSKY<br>Cluster: 5,5
363,PH,Parker Hannifin,https://en.wikipedia.org/wiki/Parker_Hannifin,-1,5.1415653,2.8875396,2.1800578,<b>Parker Hannifin</b><br>Symbol: PH<br>Cluster: -1,-1
364,PAYX,Paychex,https://en.wikipedia.org/wiki/Paychex,13,7.610042,2.1637475,4.488551,<b>Paychex</b><br>Symbol: PAYX<br>Cluster: 13,13
365,PAYC,Paycom,https://en.wikipedia.org/wiki/Paycom,13,7.4000664,1.8164345,4.548279,<b>Paycom</b><br>Symbol: PAYC<br>Cluster: 13,13
366,PYPL,PayPal,https://en.wikipedia.org/wiki/PayPal,13,7.1670856,2.3500395,5.068887,<b>PayPal</b><br>Symbol: PYPL<br>Cluster: 13,13
367,PNR,Pentair,https://en.wikipedia.org/wiki/Pentair,-1,4.8855853,2.7043529,2.0772095,<b>Pentair</b><br>Symbol: PNR<br>Cluster: -1,-1
368,PEP,PepsiCo,https://en.wikipedia.org/wiki/PepsiCo,1,5.8589797,4.962257,2.9375808,<b>PepsiCo</b><br>Symbol: PEP<br>Cluster: 1,1
369,PFE,Pfizer,https://en.wikipedia.org/wiki/Pfizer,9,7.5136,3.0636022,1.5774738,<b>Pfizer</b><br>Symbol: PFE<br>Cluster: 9,9
370,PCG,PG&E Corporation,https://en.wikipedia.org/wiki/PG%26E,12,4.152596,3.5896385,1.2689917,<b>PG&E Corporation</b><br>Symbol: PCG<br>Cluster: 12,12
371,PM,Philip Morris International,https://en.wikipedia.org/wiki/Philip_Morris_International,7,6.843974,3.4814749,2.7159665,<b>Philip Morris International</b><br>Symbol: PM<br>Cluster: 7,7
372,PSX,Phillips 66,https://en.wikipedia.org/wiki/Phillips_66,12,4.779413,4.7775497,2.4076338,<b>Phillips 66</b><br>Symbol: PSX<br>Cluster: 12,12
373,PNW,Pinnacle West Capital,https://en.wikipedia.org/wiki/Pinnacle_West_Capital,12,4.5299163,3.1850019,1.3342992,<b>Pinnacle West Capital</b><br>Symbol: PNW<br>Cluster: 12,12
374,PNC,PNC Financial Services,https://en.wikipedia.org/wiki/PNC_Financial_Services,14,8.500319,3.99787,5.5156665,<b>PNC Financial Services</b><br>Symbol: PNC<br>Cluster: 14,14
375,POOL,Pool Corporation,https://en.wikipedia.org/wiki/Pool_Corporation,-1,5.1905956,2.8690464,2.0513756,<b>Pool Corporation</b><br>Symbol: POOL<br>Cluster: -1,-1
376,PPG,PPG Industries,https://en.wikipedia.org/wiki/PPG_Industries,-1,5.6561203,3.684427,2.3545246,<b>PPG Industries</b><br>Symbol: PPG<br>Cluster: -1,-1
377,PPL,PPL Corporation,https://en.wikipedia.org/wiki/PPL_Corporation,12,4.433901,3.2761579,1.4770228,<b>PPL Corporation</b><br>Symbol: PPL<br>Cluster: 12,12
378,PFG,Principal Financial Group,https://en.wikipedia.org/wiki/Principal_Financial_Group,-1,7.6696563,3.5998344,4.8708954,<b>Principal Financial Group</b><br>Symbol: PFG<br>Cluster: -1,-1
379,PG,Procter & Gamble,https://en.wikipedia.org/wiki/Procter_%26_Gamble,-1,5.7945313,4.0918164,2.5975947,<b>Procter & Gamble</b><br>Symbol: PG<br>Cluster: -1,-1
380,PGR,Progressive Corporation,https://en.wikipedia.org/wiki/Progressive_Corporation,15,8.679223,3.8686929,4.315245,<b>Progressive Corporation</b><br>Symbol: PGR<br>Cluster: 15,15
381,PLD,Prologis,https://en.wikipedia.org/wiki/Prologis,6,5.8020616,2.7931316,6.6895533,<b>Prologis</b><br>Symbol: PLD<br>Cluster: 6,6
382,PRU,Prudential Financial,https://en.wikipedia.org/wiki/Prudential_Financial,16,8.275837,3.545784,5.05139,<b>Prudential Financial</b><br>Symbol: PRU<br>Cluster: 16,16
383,PEG,Public Service Enterprise Group,https://en.wikipedia.org/wiki/Public_Service_Enterprise_Group,12,4.174697,3.4261808,1.0342591,<b>Public Service Enterprise Group</b><br>Symbol: PEG<br>Cluster: 12,12
384,PTC,PTC Inc.,https://en.wikipedia.org/wiki/PTC_(software_company),17,5.642639,1.0421419,3.0226727,<b>PTC Inc.</b><br>Symbol: PTC<br>Cluster: 17,17
385,PSA,Public Storage,https://en.wikipedia.org/wiki/Public_Storage,6,5.7220078,2.6815243,6.700114,<b>Public Storage</b><br>Symbol: PSA<br>Cluster: 6,6
386,PHM,PulteGroup,https://en.wikipedia.org/wiki/PulteGroup,-1,5.245934,3.0284193,3.116831,<b>PulteGroup</b><br>Symbol: PHM<br>Cluster: -1,-1
387,PWR,Quanta Services,https://en.wikipedia.org/wiki/Quanta_Services,12,4.7692246,3.2068634,0.9393325,<b>Quanta Services</b><br>Symbol: PWR<br>Cluster: 12,12
388,QCOM,Qualcomm,https://en.wikipedia.org/wiki/Qualcomm,-1,6.1354523,1.2457896,4.190999,<b>Qualcomm</b><br>Symbol: QCOM<br>Cluster: -1,-1
389,DGX,Quest Diagnostics,https://en.wikipedia.org/wiki/Quest_Diagnostics,9,7.525497,1.856251,1.9253167,<b>Quest Diagnostics</b><br>Symbol: DGX<br>Cluster: 9,9
390,RL,Ralph Lauren Corporation,https://en.wikipedia.org/wiki/Ralph_Lauren_Corporation,0,4.452821,3.262505,4.0150366,<b>Ralph Lauren Corporation</b><br>Symbol: RL<br>Cluster: 0,0
391,RJF,Raymond James Financial,https://en.wikipedia.org/wiki/Raymond_James_Financial,16,7.817467,3.3602808,5.3062906,<b>Raymond James Financial</b><br>Symbol: RJF<br>Cluster: 16,16
392,RTX,RTX Corporation,https://en.wikipedia.org/wiki/RTX_Corporation,17,5.01933,1.095892,2.9945455,<b>RTX Corporation</b><br>Symbol: RTX<br>Cluster: 17,17
393,O,Realty Income,https://en.wikipedia.org/wiki/Realty_Income,6,5.73946,2.3051507,6.816566,<b>Realty Income</b><br>Symbol: O<br>Cluster: 6,6
394,REG,Regency Centers,https://en.wikipedia.org/wiki/Regency_Centers,6,5.663625,2.3507924,6.9044704,<b>Regency Centers</b><br>Symbol: REG<br>Cluster: 6,6
395,REGN,Regeneron Pharmaceuticals,https://en.wikipedia.org/wiki/Regeneron_Pharmaceuticals,9,8.1376095,2.3009872,1.1768769,<b>Regeneron Pharmaceuticals</b><br>Symbol: REGN<br>Cluster: 9,9
396,RF,Regions Financial Corporation,https://en.wikipedia.org/wiki/Regions_Financial_Corporation,14,8.635664,3.9485075,5.9877577,<b>Regions Financial Corporation</b><br>Symbol: RF<br>Cluster: 14,14
397,RSG,Republic Services,https://en.wikipedia.org/wiki/Republic_Services,11,5.620326,3.0365946,1.5727494,<b>Republic Services</b><br>Symbol: RSG<br>Cluster: 11,11
398,RMD,ResMed,https://en.wikipedia.org/wiki/ResMed,9,7.834711,1.8359803,1.7043067,<b>ResMed</b><br>Symbol: RMD<br>Cluster: 9,9
399,RVTY,Revvity,https://en.wikipedia.org/wiki/Revvity,9,7.948222,2.060462,1.5339143,<b>Revvity</b><br>Symbol: RVTY<br>Cluster: 9,9
400,HOOD,Robinhood Markets,https://en.wikipedia.org/wiki/Robinhood_Markets,3,6.939527,3.065641,5.659362,<b>Robinhood Markets</b><br>Symbol: HOOD<br>Cluster: 3,3
401,ROK,Rockwell Automation,https://en.wikipedia.org/wiki/Rockwell_Automation,10,5.8188477,2.1852694,2.352403,<b>Rockwell Automation</b><br>Symbol: ROK<br>Cluster: 10,10
402,ROL,"Rollins, Inc.","https://en.wikipedia.org/wiki/Rollins,_Inc.",10,5.690269,2.3805857,1.9121865,"<b>Rollins, Inc.</b><br>Symbol: ROL<br>Cluster: 10",10
403,ROP,Roper Technologies,https://en.wikipedia.org/wiki/Roper_Technologies,3,6.720265,3.1487854,5.810237,<b>Roper Technologies</b><br>Symbol: ROP<br>Cluster: 3,3
404,ROST,Ross Stores,https://en.wikipedia.org/wiki/Ross_Stores,0,5.1626453,3.566247,4.124121,<b>Ross Stores</b><br>Symbol: ROST<br>Cluster: 0,0
405,RCL,Royal Caribbean Group,https://en.wikipedia.org/wiki/Royal_Caribbean_Group,6,5.265325,3.4506674,5.2655506,<b>Royal Caribbean Group</b><br>Symbol: RCL<br>Cluster: 6,6
406,SPGI,S&P Global,https://en.wikipedia.org/wiki/S%26P_Global,14,7.4607377,4.048925,4.873864,<b>S&P Global</b><br>Symbol: SPGI<br>Cluster: 14,14
407,CRM,Salesforce,https://en.wikipedia.org/wiki/Salesforce,21,7.4492025,0.92338365,4.663286,<b>Salesforce</b><br>Symbol: CRM<br>Cluster: 21,21
408,SBAC,SBA Communications,https://en.wikipedia.org/wiki/SBA_Communications,6,5.6124053,1.5237986,6.0515532,<b>SBA Communications</b><br>Symbol: SBAC<br>Cluster: 6,6
409,SLB,Schlumberger,https://en.wikipedia.org/wiki/Schlumberger,-1,4.5705733,3.6922753,3.0359328,<b>Schlumberger</b><br>Symbol: SLB<br>Cluster: -1,-1
410,STX,Seagate Technology,https://en.wikipedia.org/wiki/Seagate_Technology,-1,6.263812,1.3589201,3.7316942,<b>Seagate Technology</b><br>Symbol: STX<br>Cluster: -1,-1
411,SRE,Sempra,https://en.wikipedia.org/wiki/Sempra,12,4.263144,3.6025217,0.8985347,<b>Sempra</b><br>Symbol: SRE<br>Cluster: 12,12
412,NOW,ServiceNow,https://en.wikipedia.org/wiki/ServiceNow,21,7.4804096,1.1180058,4.5992737,<b>ServiceNow</b><br>Symbol: NOW<br>Cluster: 21,21
413,SHW,Sherwin-Williams,https://en.wikipedia.org/wiki/Sherwin-Williams,11,5.351971,3.269943,1.9328433,<b>Sherwin-Williams</b><br>Symbol: SHW<br>Cluster: 11,11
414,SPG,Simon Property Group,https://en.wikipedia.org/wiki/Simon_Property_Group,6,5.6299186,2.2824032,6.8915772,<b>Simon Property Group</b><br>Symbol: SPG<br>Cluster: 6,6
415,SWKS,Skyworks Solutions,https://en.wikipedia.org/wiki/Skyworks_Solutions,19,6.868504,1.6283753,3.2885728,<b>Skyworks Solutions</b><br>Symbol: SWKS<br>Cluster: 19,19
416,SJM,J.M. Smucker Company (The),https://en.wikipedia.org/wiki/The_J.M._Smucker_Company,2,6.4604745,4.1812997,3.6933737,<b>J.M. Smucker Company (The)</b><br>Symbol: SJM<br>Cluster: 2,2
417,SW,Smurfit Westrock,https://en.wikipedia.org/wiki/Smurfit_Westrock,7,6.4898906,2.9078696,2.3124926,<b>Smurfit Westrock</b><br>Symbol: SW<br>Cluster: 7,7
418,SNA,Snap-on,https://en.wikipedia.org/wiki/Snap-on,10,6.0716324,1.9018515,2.796791,<b>Snap-on</b><br>Symbol: SNA<br>Cluster: 10,10
419,SOLV,Solventum,https://en.wikipedia.org/wiki/Solventum,8,7.279234,3.2961342,2.5359423,<b>Solventum</b><br>Symbol: SOLV<br>Cluster: 8,8
420,SO,Southern Company,https://en.wikipedia.org/wiki/Southern_Company,12,4.491455,3.6718004,1.020765,<b>Southern Company</b><br>Symbol: SO<br>Cluster: 12,12
421,LUV,Southwest Airlines,https://en.wikipedia.org/wiki/Southwest_Airlines,0,5.4443517,4.2095532,4.9748616,<b>Southwest Airlines</b><br>Symbol: LUV<br>Cluster: 0,0
422,SWK,Stanley Black & Decker,https://en.wikipedia.org/wiki/Stanley_Black_%26_Decker,-1,5.750601,2.8467824,3.3846488,<b>Stanley Black & Decker</b><br>Symbol: SWK<br>Cluster: -1,-1
423,SBUX,Starbucks,https://en.wikipedia.org/wiki/Starbucks,1,5.8497896,4.5249157,2.959976,<b>Starbucks</b><br>Symbol: SBUX<br>Cluster: 1,1
424,STT,State Street Corporation,https://en.wikipedia.org/wiki/State_Street_Corporation,14,7.996404,4.361099,5.6204596,<b>State Street Corporation</b><br>Symbol: STT<br>Cluster: 14,14
425,STLD,Steel Dynamics,https://en.wikipedia.org/wiki/Steel_Dynamics,4,5.661104,2.7609959,2.617039,<b>Steel Dynamics</b><br>Symbol: STLD<br>Cluster: 4,4
426,STE,Steris,https://en.wikipedia.org/wiki/Steris,9,6.8717637,1.6726953,2.0872371,<b>Steris</b><br>Symbol: STE<br>Cluster: 9,9
427,SYK,Stryker Corporation,https://en.wikipedia.org/wiki/Stryker_Corporation,9,7.255435,1.9200754,2.1783924,<b>Stryker Corporation</b><br>Symbol: SYK<br>Cluster: 9,9
428,SMCI,Supermicro,https://en.wikipedia.org/wiki/Supermicro,19,6.5427256,1.784522,3.731686,<b>Supermicro</b><br>Symbol: SMCI<br>Cluster: 19,19
429,SYF,Synchrony Financial,https://en.wikipedia.org/wiki/Synchrony_Financial,14,8.320763,3.074823,5.528021,<b>Synchrony Financial</b><br>Symbol: SYF<br>Cluster: 14,14
430,SNPS,Synopsys,https://en.wikipedia.org/wiki/Synopsys,19,6.9075975,1.1730025,3.1474564,<b>Synopsys</b><br>Symbol: SNPS<br>Cluster: 19,19
431,SYY,Sysco,https://en.wikipedia.org/wiki/Sysco,0,6.4510307,2.9707832,4.018659,<b>Sysco</b><br>Symbol: SYY<br>Cluster: 0,0
432,TMUS,T-Mobile US,https://en.wikipedia.org/wiki/T-Mobile_US,5,5.548533,1.2196217,5.061472,<b>T-Mobile US</b><br>Symbol: TMUS<br>Cluster: 5,5
433,TROW,T. Rowe Price,https://en.wikipedia.org/wiki/T._Rowe_Price,16,7.561545,3.3425028,5.2660193,<b>T. Rowe Price</b><br>Symbol: TROW<br>Cluster: 16,16
434,TTWO,Take-Two Interactive,https://en.wikipedia.org/wiki/Take-Two_Interactive,17,5.942847,0.6300345,3.1186094,<b>Take-Two Interactive</b><br>Symbol: TTWO<br>Cluster: 17,17
435,TPR,"Tapestry, Inc.","https://en.wikipedia.org/wiki/Tapestry,_Inc.",0,4.350761,2.6544218,3.9787605,"<b>Tapestry, Inc.</b><br>Symbol: TPR<br>Cluster: 0",0
436,TRGP,Targa Resources,https://en.wikipedia.org/wiki/Targa_Resources,12,4.1554055,4.017319,1.7132674,<b>Targa Resources</b><br>Symbol: TRGP<br>Cluster: 12,12
437,TGT,Target Corporation,https://en.wikipedia.org/wiki/Target_Corporation,0,4.856348,2.8619473,4.008642,<b>Target Corporation</b><br>Symbol: TGT<br>Cluster: 0,0
438,TEL,TE Connectivity,https://en.wikipedia.org/wiki/TE_Connectivity,17,6.2170615,1.208552,2.8684115,<b>TE Connectivity</b><br>Symbol: TEL<br>Cluster: 17,17
439,TDY,Teledyne Technologies,https://en.wikipedia.org/wiki/Teledyne_Technologies,17,5.3374763,0.82998055,3.01028,<b>Teledyne Technologies</b><br>Symbol: TDY<br>Cluster: 17,17
440,TER,Teradyne,https://en.wikipedia.org/wiki/Teradyne,17,6.057873,0.66108656,3.0135167,<b>Teradyne</b><br>Symbol: TER<br>Cluster: 17,17
441,TSLA,"Tesla, Inc.","https://en.wikipedia.org/wiki/Tesla,_Inc.",17,6.060835,0.8715184,3.710735,"<b>Tesla, Inc.</b><br>Symbol: TSLA<br>Cluster: 17",17
442,TXN,Texas Instruments,https://en.wikipedia.org/wiki/Texas_Instruments,17,5.6486106,0.747263,3.4146943,<b>Texas Instruments</b><br>Symbol: TXN<br>Cluster: 17,17
443,TPL,Texas Pacific Land Corporation,https://en.wikipedia.org/wiki/Texas_Pacific_Land_Corporation,12,4.2037306,2.8616784,2.0162568,<b>Texas Pacific Land Corporation</b><br>Symbol: TPL<br>Cluster: 12,12
444,TXT,Textron,https://en.wikipedia.org/wiki/Textron,17,4.8270183,1.3266932,2.9908354,<b>Textron</b><br>Symbol: TXT<br>Cluster: 17,17
445,TMO,Thermo Fisher Scientific,https://en.wikipedia.org/wiki/Thermo_Fisher_Scientific,9,7.0297036,1.6235256,1.6817082,<b>Thermo Fisher Scientific</b><br>Symbol: TMO<br>Cluster: 9,9
446,TJX,TJX Companies,https://en.wikipedia.org/wiki/TJX_Companies,0,4.4752984,2.507445,3.937609,<b>TJX Companies</b><br>Symbol: TJX<br>Cluster: 0,0
447,TKO,TKO Group Holdings,https://en.wikipedia.org/wiki/TKO_Group_Holdings,0,4.4594584,2.3778195,4.217834,<b>TKO Group Holdings</b><br>Symbol: TKO<br>Cluster: 0,0
448,TTD,Trade Desk (The),https://en.wikipedia.org/wiki/The_Trade_Desk,17,5.8269567,0.5620651,3.2633827,<b>Trade Desk (The)</b><br>Symbol: TTD<br>Cluster: 17,17
449,TSCO,Tractor Supply,https://en.wikipedia.org/wiki/Tractor_Supply,0,4.5845037,2.4775794,3.6506128,<b>Tractor Supply</b><br>Symbol: TSCO<br>Cluster: 0,0
450,TT,Trane Technologies,https://en.wikipedia.org/wiki/Trane_Technologies,17,5.1431966,1.4324107,2.536436,<b>Trane Technologies</b><br>Symbol: TT<br>Cluster: 17,17
451,TDG,TransDigm Group,https://en.wikipedia.org/wiki/TransDigm_Group,17,5.1389093,1.0709554,2.7692082,<b>TransDigm Group</b><br>Symbol: TDG<br>Cluster: 17,17
452,TRV,Travelers Companies (The),https://en.wikipedia.org/wiki/The_Travelers_Companies,15,8.272461,3.9757533,4.4314938,<b>Travelers Companies (The)</b><br>Symbol: TRV<br>Cluster: 15,15
453,TRMB,Trimble Inc.,https://en.wikipedia.org/wiki/Trimble_Inc.,17,5.6614428,0.85815257,2.7215798,<b>Trimble Inc.</b><br>Symbol: TRMB<br>Cluster: 17,17
454,TFC,Truist Financial,https://en.wikipedia.org/wiki/Truist_Financial,14,8.545302,3.8386111,5.872672,<b>Truist Financial</b><br>Symbol: TFC<br>Cluster: 14,14
455,TYL,Tyler Technologies,https://en.wikipedia.org/wiki/Tyler_Technologies,17,5.490759,0.71262217,2.9840462,<b>Tyler Technologies</b><br>Symbol: TYL<br>Cluster: 17,17
456,TSN,Tyson Foods,https://en.wikipedia.org/wiki/Tyson_Foods,2,6.5415215,4.553632,3.8268301,<b>Tyson Foods</b><br>Symbol: TSN<br>Cluster: 2,2
457,USB,U.S. Bancorp,https://en.wikipedia.org/wiki/U.S._Bancorp,14,8.433898,4.5482125,5.814457,<b>U.S. Bancorp</b><br>Symbol: USB<br>Cluster: 14,14
458,UBER,Uber,https://en.wikipedia.org/wiki/Uber,0,6.0353174,4.02738,5.0605845,<b>Uber</b><br>Symbol: UBER<br>Cluster: 0,0
459,UDR,"UDR, Inc.","https://en.wikipedia.org/wiki/UDR,_Inc.",6,5.5185285,2.3259315,6.5198355,"<b>UDR, Inc.</b><br>Symbol: UDR<br>Cluster: 6",6
460,ULTA,Ulta Beauty,https://en.wikipedia.org/wiki/Ulta_Beauty,0,4.9972453,3.511302,4.2989736,<b>Ulta Beauty</b><br>Symbol: ULTA<br>Cluster: 0,0
461,UNP,Union Pacific Corporation,https://en.wikipedia.org/wiki/Union_Pacific_Corporation,12,4.278776,3.0725765,1.7175678,<b>Union Pacific Corporation</b><br>Symbol: UNP<br>Cluster: 12,12
462,UAL,United Airlines Holdings,https://en.wikipedia.org/wiki/United_Airlines_Holdings,0,5.7291965,4.155765,5.1362395,<b>United Airlines Holdings</b><br>Symbol: UAL<br>Cluster: 0,0
463,UPS,United Parcel Service,https://en.wikipedia.org/wiki/United_Parcel_Service,0,6.1188602,3.9466863,5.1453724,<b>United Parcel Service</b><br>Symbol: UPS<br>Cluster: 0,0
464,URI,United Rentals,https://en.wikipedia.org/wiki/United_Rentals,0,5.737444,3.920894,5.374653,<b>United Rentals</b><br>Symbol: URI<br>Cluster: 0,0
465,UNH,UnitedHealth Group,https://en.wikipedia.org/wiki/UnitedHealth_Group,8,8.271561,3.4664896,3.333878,<b>UnitedHealth Group</b><br>Symbol: UNH<br>Cluster: 8,8
466,UHS,Universal Health Services,https://en.wikipedia.org/wiki/Universal_Health_Services,8,7.904715,3.6154597,3.383583,<b>Universal Health Services</b><br>Symbol: UHS<br>Cluster: 8,8
467,VLO,Valero Energy,https://en.wikipedia.org/wiki/Valero_Energy,12,4.2513657,4.553324,1.7434953,<b>Valero Energy</b><br>Symbol: VLO<br>Cluster: 12,12
468,VTR,Ventas,https://en.wikipedia.org/wiki/Ventas_(company),6,5.9964623,2.3166144,6.377581,<b>Ventas</b><br>Symbol: VTR<br>Cluster: 6,6
469,VLTO,Veralto,https://en.wikipedia.org/wiki/Veralto,7,6.4324427,2.9725914,1.8226776,<b>Veralto</b><br>Symbol: VLTO<br>Cluster: 7,7
470,VRSN,Verisign,https://en.wikipedia.org/wiki/Verisign,-1,6.2133884,1.9639738,4.999489,<b>Verisign</b><br>Symbol: VRSN<br>Cluster: -1,-1
471,VRSK,Verisk Analytics,https://en.wikipedia.org/wiki/Verisk_Analytics,-1,8.184516,2.3008578,4.6826763,<b>Verisk Analytics</b><br>Symbol: VRSK<br>Cluster: -1,-1
472,VZ,Verizon,https://en.wikipedia.org/wiki/Verizon,5,5.448012,1.2465509,4.9935546,<b>Verizon</b><br>Symbol: VZ<br>Cluster: 5,5
473,VRTX,Vertex Pharmaceuticals,https://en.wikipedia.org/wiki/Vertex_Pharmaceuticals,9,7.466537,2.5859287,1.5203233,<b>Vertex Pharmaceuticals</b><br>Symbol: VRTX<br>Cluster: 9,9
474,VTRS,Viatris,https://en.wikipedia.org/wiki/Viatris,9,7.5225043,2.9146307,1.789512,<b>Viatris</b><br>Symbol: VTRS<br>Cluster: 9,9
475,VICI,Vici Properties,https://en.wikipedia.org/wiki/Vici_Properties,6,5.327179,2.6888542,6.109221,<b>Vici Properties</b><br>Symbol: VICI<br>Cluster: 6,6
476,V,Visa Inc.,https://en.wikipedia.org/wiki/Visa_Inc.,13,7.075257,2.108344,5.4206796,<b>Visa Inc.</b><br>Symbol: V<br>Cluster: 13,13
477,VST,Vistra Corp.,https://en.wikipedia.org/wiki/Vistra_Corp,12,4.023256,4.462944,1.2930958,<b>Vistra Corp.</b><br>Symbol: VST<br>Cluster: 12,12
478,VMC,Vulcan Materials Company,https://en.wikipedia.org/wiki/Vulcan_Materials_Company,4,5.4335732,3.8876984,3.439888,<b>Vulcan Materials Company</b><br>Symbol: VMC<br>Cluster: 4,4
479,WRB,W. R. Berkley Corporation,https://en.wikipedia.org/wiki/W._R._Berkley_Corporation,15,8.170232,3.8526807,4.309952,<b>W. R. Berkley Corporation</b><br>Symbol: WRB<br>Cluster: 15,15
480,GWW,W. W. Grainger,https://en.wikipedia.org/wiki/W._W._Grainger,10,5.30585,2.19359,2.33343,<b>W. W. Grainger</b><br>Symbol: GWW<br>Cluster: 10,10
481,WAB,Wabtec,https://en.wikipedia.org/wiki/Wabtec,11,5.411504,2.5911937,1.74151,<b>Wabtec</b><br>Symbol: WAB<br>Cluster: 11,11
482,WMT,Walmart,https://en.wikipedia.org/wiki/Walmart,0,5.782722,3.4284685,3.945829,<b>Walmart</b><br>Symbol: WMT<br>Cluster: 0,0
483,DIS,Walt Disney Company (The),https://en.wikipedia.org/wiki/The_Walt_Disney_Company,5,4.8791795,1.6612033,4.5868554,<b>Walt Disney Company (The)</b><br>Symbol: DIS<br>Cluster: 5,5
484,WBD,Warner Bros. Discovery,https://en.wikipedia.org/wiki/Warner_Bros._Discovery,5,5.0555053,1.5274787,4.546198,<b>Warner Bros. Discovery</b><br>Symbol: WBD<br>Cluster: 5,5
485,WM,Waste Management,"https://en.wikipedia.org/wiki/Waste_Management,_Inc.",11,5.5416446,2.9028547,1.4451102,<b>Waste Management</b><br>Symbol: WM<br>Cluster: 11,11
486,WAT,Waters Corporation,https://en.wikipedia.org/wiki/Waters_Corporation,7,6.310138,2.5195682,1.6071703,<b>Waters Corporation</b><br>Symbol: WAT<br>Cluster: 7,7
487,WEC,WEC Energy Group,https://en.wikipedia.org/wiki/WEC_Energy_Group,12,4.986601,3.6405013,1.0751215,<b>WEC Energy Group</b><br>Symbol: WEC<br>Cluster: 12,12
488,WFC,Wells Fargo,https://en.wikipedia.org/wiki/Wells_Fargo,14,8.252393,4.328634,5.755315,<b>Wells Fargo</b><br>Symbol: WFC<br>Cluster: 14,14
489,WELL,Welltower,https://en.wikipedia.org/wiki/Welltower,6,5.857038,1.929516,6.272635,<b>Welltower</b><br>Symbol: WELL<br>Cluster: 6,6
490,WST,West Pharmaceutical Services,https://en.wikipedia.org/wiki/West_Pharmaceutical_Services,9,6.9850006,3.0559216,1.6751568,<b>West Pharmaceutical Services</b><br>Symbol: WST<br>Cluster: 9,9
491,WDC,Western Digital,https://en.wikipedia.org/wiki/Western_Digital,-1,5.936565,1.6694607,4.110192,<b>Western Digital</b><br>Symbol: WDC<br>Cluster: -1,-1
492,WY,Weyerhaeuser,https://en.wikipedia.org/wiki/Weyerhaeuser,11,5.145119,3.0981507,1.8003535,<b>Weyerhaeuser</b><br>Symbol: WY<br>Cluster: 11,11
493,WSM,"Williams-Sonoma, Inc.","https://en.wikipedia.org/wiki/Williams-Sonoma,_Inc.",11,5.2124233,3.6528609,2.1011746,"<b>Williams-Sonoma, Inc.</b><br>Symbol: WSM<br>Cluster: 11",11
494,WMB,Williams Companies,https://en.wikipedia.org/wiki/Williams_Companies,-1,4.845459,4.0961866,1.9068105,<b>Williams Companies</b><br>Symbol: WMB<br>Cluster: -1,-1
495,WTW,Willis Towers Watson,https://en.wikipedia.org/wiki/Willis_Towers_Watson,-1,7.263831,3.0852115,4.826532,<b>Willis Towers Watson</b><br>Symbol: WTW<br>Cluster: -1,-1
496,WDAY,"Workday, Inc.","https://en.wikipedia.org/wiki/Workday,_Inc.",21,7.4066496,1.3042283,4.3440137,"<b>Workday, Inc.</b><br>Symbol: WDAY<br>Cluster: 21",21
497,WYNN,Wynn Resorts,https://en.wikipedia.org/wiki/Wynn_Resorts,6,4.9515505,2.7721066,5.78596,<b>Wynn Resorts</b><br>Symbol: WYNN<br>Cluster: 6,6
498,XEL,Xcel Energy,https://en.wikipedia.org/wiki/Xcel_Energy,12,4.691671,3.8717809,0.9286704,<b>Xcel Energy</b><br>Symbol: XEL<br>Cluster: 12,12
499,XYL,Xylem Inc.,https://en.wikipedia.org/wiki/Xylem_Inc.,11,6.0663247,2.483636,1.3095872,<b>Xylem Inc.</b><br>Symbol: XYL<br>Cluster: 11,11
500,YUM,Yum! Brands,https://en.wikipedia.org/wiki/Yum!_Brands,2,6.2781296,4.666887,3.6439915,<b>Yum! Brands</b><br>Symbol: YUM<br>Cluster: 2,2
501,ZBRA,Zebra Technologies,https://en.wikipedia.org/wiki/Zebra_Technologies,17,6.04768,0.7713393,2.6127503,<b>Zebra Technologies</b><br>Symbol: ZBRA<br>Cluster: 17,17
502,ZBH,Zimmer Biomet,https://en.wikipedia.org/wiki/Zimmer_Biomet,9,7.300858,1.568101,1.6636857,<b>Zimmer Biomet</b><br>Symbol: ZBH<br>Cluster: 9,9
503,ZTS,Zoetis,https://en.wikipedia.org/wiki/Zoetis,9,7.4542246,2.9620237,1.574059,<b>Zoetis</b><br>Symbol: ZTS<br>Cluster: 9,9
